date,2330,2412,1216,2881,2884,SPY,TLT,GLD
2019-01-02,184.3537,78.8174,50.5388,25.5768,11.4724,6809.3956,2975.6914,3700.6863
2019-01-03,180.9942,78.8174,49.9469,25.4103,11.4724,6703.1291,3035.0098,3765.8245
2019-01-04,174.6951,79.1858,50.2429,25.1329,11.5295,6951.0800,3010.0211,3748.0029
2019-01-07,178.8945,79.5541,52.0927,25.4936,11.5866,6987.7271,2993.3692,3751.2165
2019-01-08,177.2148,78.8174,51.9447,25.3549,11.5866,7057.9600,2987.4407,3743.4885
2019-01-09,180.9942,79.1858,53.3507,26.1039,11.8149,7093.9381,2984.0264,3769.1049
2019-01-10,181.4142,78.8174,52.1667,26.0206,11.9290,7094.7041,2954.7257,3734.1504
2019-01-11,185.1936,78.8174,52.6107,25.4936,11.9861,7113.1608,2972.8209,3748.8822
2019-01-14,183.5139,78.4491,52.7587,24.9665,11.9861,7071.3715,2962.4328,3758.6625
2019-01-15,185.6136,78.8174,53.3507,24.7446,12.0432,7163.5705,2956.2179,3758.0478
2019-01-16,182.6740,78.8174,54.0166,24.4117,11.9861,7179.5059,2958.5958,3769.3393
2019-01-17,185.1936,78.8174,53.9426,24.4394,11.9576,7219.1914,2953.2864,3756.7141
2019-01-18,183.5139,78.8174,53.3507,24.4949,12.1003,7330.0200,2943.7256,3730.6834
2019-01-22,187.2933,79.1858,53.9426,24.5504,12.1859,7242.4826,2968.3811,3749.8900
2019-01-23,185.1936,78.8174,53.6466,24.5781,12.0717,7257.8724,2967.2430,3744.7626
2019-01-24,186.8734,78.8174,53.5726,24.4394,12.0717,7257.2623,2984.8881,3736.5951
2019-01-25,189.8130,78.8174,54.2386,24.4117,12.1003,7322.4620,2972.1337,3793.1797
2019-01-28,192.3326,78.4491,53.6466,24.7446,12.1573,7227.7390,2953.2106,3785.9894
2019-01-29,186.8734,78.8174,53.6466,24.8278,12.1288,7236.9521,2975.9038,3817.0964
2019-01-30,185.6136,78.8174,53.2027,24.7168,12.1859,7349.8487,2973.0141,3838.0830
2019-02-11,191.4927,78.4491,53.6466,24.4949,12.2430,7442.7675,3006.7013,3809.3519
2019-02-12,193.1725,78.8174,54.6826,24.5781,12.3286,7552.4194,3004.5973,3824.4253
2019-02-13,192.3326,78.0808,53.7946,24.7446,12.4998,7556.0826,2984.9880,3798.8091
2019-02-14,190.6528,78.0808,54.0166,24.6891,12.4427,7554.0138,3007.8456,3827.4990
2019-02-15,190.6528,78.4491,53.7946,24.6336,12.3000,7628.6568,3009.5121,3846.4608
2019-02-19,192.3326,78.0808,54.4606,24.8833,12.3286,7641.1177,3016.8662,3904.6406
2019-02-20,196.9519,78.4491,54.3126,24.9942,12.4427,7646.8286,3004.4243,3892.9279
2019-02-21,198.6317,78.4491,54.9046,25.0220,12.4427,7622.8542,2978.8262,3850.5397
2019-02-22,198.6317,78.8174,55.4965,24.9665,12.4713,7671.8604,2997.2548,3865.2745
2019-02-25,199.8915,78.8174,55.0526,25.1329,12.5569,7669.3309,2983.3335,3854.7514
2019-02-26,201.1513,78.4491,55.1265,25.2162,12.5569,7660.8546,2996.9325,3859.7014
2019-02-27,200.7314,78.8174,55.4965,25.2439,12.6140,7662.0498,2964.7134,3834.5917
2019-03-04,197.7918,78.8174,53.6466,25.0497,12.6425,7688.4815,2958.3117,3748.5456
2019-03-05,195.6921,78.8174,53.7206,25.0220,12.6425,7678.2722,2964.5918,3753.6013
2019-03-06,196.5320,79.1858,54.2386,25.0497,12.6710,7629.7833,2974.7052,3749.2363
2019-03-07,196.5320,78.8174,54.0906,25.0220,12.6710,7565.7131,2993.8995,3746.0319
2019-03-08,193.1725,79.1858,53.0547,24.8000,12.6140,7569.6843,3014.1189,3796.6157
2019-03-11,193.5924,78.8174,53.6466,24.6891,12.6140,7675.4809,3003.6367,3776.1159
2019-03-12,197.7918,79.5541,53.6466,24.9665,12.7852,7709.6627,3026.7561,3801.5579
2019-03-13,199.0516,79.5541,53.2027,25.1052,12.7852,7754.4155,3018.6101,3825.0459
2019-03-14,196.9519,79.1858,53.4987,25.1052,12.7567,7751.7157,2997.6788,3781.9795
2019-03-15,200.7314,79.5541,54.2386,25.1052,12.8423,7794.2968,3019.1677,3801.3717
2019-03-18,202.4112,79.5541,54.4606,25.5213,13.1847,7816.4856,3015.0887,3800.5826
2019-03-19,201.9912,79.5541,54.3866,26.0484,13.2989,7787.0379,2996.3220,3795.7855
2019-03-20,203.2510,79.5541,54.4606,26.1593,13.2989,7769.9086,3030.1251,3823.5023
2019-03-21,206.1906,79.5541,54.3866,26.0206,13.3274,7846.1842,3032.3547,3802.5417
2019-03-22,208.7103,79.9224,54.6826,25.7432,13.4701,7707.1871,3084.2687,3817.4082
2019-03-25,202.8311,79.1858,54.9046,25.2716,13.3845,7720.1515,3096.7347,3856.0305
2019-03-26,204.9308,79.9224,55.3485,25.2439,13.4416,7764.5895,3089.2932,3830.4289
2019-03-27,202.8311,79.9224,55.2745,24.9387,13.3845,7729.7568,3120.0473,3813.2425
2019-03-28,203.2510,80.2907,55.2005,25.0220,13.4701,7769.8704,3135.2989,3764.5158
2019-03-29,206.1906,80.6590,55.3485,25.5213,13.5557,7811.0178,3129.1814,3764.1306
2019-04-01,206.1906,81.3956,55.4965,25.2994,13.6128,7900.5768,3083.5347,3747.8637
2019-04-02,206.6106,80.6590,55.5705,25.5213,13.6984,7898.8057,3087.0340,3759.0577
2019-04-03,207.0305,79.9224,55.4965,25.5213,13.6984,7914.3175,3061.4678,3754.9724
2019-04-08,212.4897,79.9224,54.8306,25.1607,13.6699,7969.4537,3059.2291,3771.9604
2019-04-09,213.3296,80.6590,54.6826,25.3826,13.6984,7933.5002,3070.7765,3794.0053
2019-04-10,213.3296,80.6590,54.3866,25.2439,13.6984,7962.8886,3079.1052,3806.8239
2019-04-11,211.6499,80.2907,53.5726,25.2716,13.6413,7966.1014,3063.1058,3760.6939
2019-04-12,211.6499,80.6590,54.3866,25.3549,13.6128,8023.6439,3042.6685,3758.6991
2019-04-15,214.5894,80.6590,54.4606,25.3549,13.6984,8012.6716,3048.1831,3748.9279
2019-04-16,215.8493,81.0273,54.4606,25.1329,13.6413,8024.1642,3031.4556,3718.2156
2019-04-17,219.6287,80.6590,53.8686,25.0775,13.6699,8006.8644,3033.5804,3712.2017
2019-04-18,222.1484,81.0273,52.6107,24.9665,13.6984,7996.3755,3039.4802,3702.8219
2019-04-22,223.4082,81.0273,53.0547,25.1052,13.8126,8014.9756,3029.3143,3708.2386
2019-04-23,225.0879,81.3956,53.2767,25.1607,13.8411,8095.7099,3039.0066,3704.5009
2019-04-24,225.9278,81.3956,53.2767,25.1884,13.8411,8081.4072,3065.1897,3716.9814
2019-04-25,224.6680,81.3956,52.8327,25.0775,13.8411,8094.7524,3067.6701,3728.5066
2019-04-26,218.3689,81.3956,53.2767,25.2439,14.1265,8132.1866,3078.0115,3753.1246
2019-04-29,217.9490,81.7639,53.8686,25.3549,14.4975,8139.4019,3056.2954,3733.8888
2019-04-30,217.5290,81.7639,54.3126,25.2994,14.4690,8140.9226,3070.9533,3744.1103
2019-05-02,217.5290,81.7639,54.5346,25.7432,14.5546,8066.2053,3070.4281,3706.9856
2019-05-03,222.5683,81.7639,54.6086,25.6045,14.4404,8140.6725,3077.4487,3726.8785
2019-05-06,217.5290,81.3956,54.0906,25.2994,14.2692,8108.4866,3086.4089,3732.4249
2019-05-07,220.4686,81.3956,54.7566,25.1884,14.3548,7976.9458,3111.5655,3746.6011
2019-05-08,218.3689,82.1322,56.5325,24.9942,14.3263,7972.8203,3100.8237,3740.5928
2019-05-09,215.4293,81.0273,56.6065,24.7446,14.2692,7950.7524,3114.3402,3750.5339
2019-05-10,215.0094,81.0273,57.1984,24.7446,14.2692,8005.4133,3115.8312,3764.5730
2019-05-13,210.3900,81.0273,57.4944,24.3007,14.3833,7787.8696,3133.7230,3795.0418
2019-05-14,208.7103,82.1322,57.8644,23.9401,14.2692,7900.9770,3141.4690,3809.1182
2019-05-15,209.1302,81.3956,57.4944,23.9956,14.3548,7955.9413,3164.2208,3811.1022
2019-05-16,207.4504,81.3956,56.8284,23.3021,14.3263,8013.8938,3147.5067,3776.2877
2019-05-17,202.8311,81.7639,58.3083,23.2466,14.3548,7989.7539,3165.4785,3762.5910
2019-05-20,199.8915,82.1322,59.1963,23.2466,14.5546,7982.7349,3177.1779,3783.9941
2019-05-21,196.5320,82.8688,60.2322,23.8846,14.9541,8058.3001,3173.5406,3776.8967
2019-05-22,199.8915,82.5005,58.8263,23.5795,14.8685,8033.5489,3191.7435,3773.1310
2019-05-23,193.1725,82.5005,59.1963,23.5795,14.8114,7953.8509,3235.1511,3811.1598
2019-05-24,195.6921,82.5005,59.1963,23.3021,14.8970,7987.3535,3244.2179,3822.6483
2019-05-28,193.5924,82.1322,60.2322,23.4685,15.2110,7897.7489,3261.2507,3800.4659
2019-05-29,192.7525,82.5005,59.9362,23.5517,15.1824,7868.1963,3280.9102,3813.0861
2019-05-30,194.0124,82.8688,59.2703,23.6349,15.5249,7906.9416,3316.3575,3847.3510
2019-05-31,197.7918,82.8688,60.1582,23.9956,15.6390,7790.7694,3353.7348,3894.3914
2019-06-03,199.8915,83.2371,59.8623,24.2175,15.5249,7757.4247,3370.2869,3943.7174
2019-06-04,195.6921,83.2371,59.8623,24.3562,15.6390,7889.1019,3316.4284,3926.7064
2019-06-05,197.3719,83.6054,60.3062,23.9123,15.5534,7944.7576,3292.4305,3930.4733
2019-06-06,194.8522,83.6054,60.0842,23.9401,15.6390,7989.5248,3300.2039,3939.9180
2019-06-10,201.5713,83.9737,60.6762,24.4949,15.5819,8120.7568,3303.2199,3929.5969
2019-06-11,205.3507,83.6054,59.6403,24.6613,15.1539,8127.0746,3308.6186,3928.8994
2019-06-12,206.6106,83.2371,59.4183,24.6059,14.7258,8106.7835,3308.7246,3946.4065
2019-06-13,201.5713,83.2371,60.5282,24.2175,14.5831,8156.8468,3326.8953,3978.6582
2019-06-14,198.2118,82.8688,59.6403,24.1620,14.7829,8158.4623,3339.6174,3982.5901
2019-06-17,195.6921,82.5005,59.1223,24.4672,14.7829,8168.0481,3348.1178,3983.2347
2019-06-18,197.7918,82.5005,59.4923,24.6891,14.8114,8249.1220,3363.0821,4001.2292
2019-06-19,204.9308,83.6054,60.0842,24.8555,15.0397,8212.3177,3345.3335,3998.4808
2019-06-20,205.7707,82.8688,60.5282,24.7723,15.0112,8249.6785,3337.5395,4078.8322
2019-06-21,208.7103,83.6054,60.8982,24.6613,14.9826,8175.4594,3275.9364,4074.8824
2019-06-24,209.1442,83.9737,60.8242,24.9110,15.1253,8183.9599,3307.8463,4144.7733
2019-06-25,206.9746,83.9737,60.6762,24.9110,15.0968,8075.1503,3306.4016,4138.1912
2019-06-26,203.5034,83.9737,60.2322,25.1884,15.0112,8102.1499,3299.5173,4118.0808
2019-06-27,208.7103,83.6054,60.6762,25.4103,15.0397,8119.0675,3317.9418,4108.0768
2019-06-28,207.4085,83.2371,61.1942,25.4381,14.8400,8151.3439,3311.8345,4114.4147
2019-07-01,215.6528,83.2371,60.3062,25.6600,14.8400,8222.6852,3303.0197,4033.4148
2019-07-02,216.0867,83.6054,60.1582,25.6600,14.7829,8263.8538,3336.4732,4129.4397
2019-07-03,210.4459,83.6054,60.3802,25.5768,14.8970,8333.9645,3361.8865,4138.2540
2019-07-05,210.8798,83.6054,60.6762,25.6928,15.0968,8336.5762,3322.1191,4098.0579
2019-07-08,210.4459,83.9737,60.5282,25.6348,15.0397,8332.4742,3343.3669,4092.1779
2019-07-09,210.0120,83.6054,61.3422,25.5478,14.9541,8340.4502,3341.1426,4105.3300
2019-07-10,214.3511,83.6054,60.6762,25.6928,15.1253,8371.9653,3319.4367,4165.9941
2019-07-11,216.9545,83.6054,61.4162,25.6348,15.5249,8366.2482,3265.2314,4118.3444
2019-07-12,217.3885,83.2371,60.6762,25.4898,15.6105,8383.6650,3261.2014,4134.2224
2019-07-15,220.8597,82.8688,60.9722,25.4318,15.6961,8411.1053,3289.6255,4146.3735
2019-07-16,222.1615,82.1322,60.8242,25.5188,15.6105,8365.0767,3272.4369,4102.0167
2019-07-17,218.6902,82.5005,60.8242,25.2288,15.4963,8313.7836,3310.0133,4172.3838
2019-07-18,220.4258,82.5005,60.0842,25.1998,15.5249,8343.6823,3310.0523,4231.0163
2019-07-19,224.7649,82.5005,60.5282,25.2288,15.6961,8270.3008,3291.5192,4155.1230
2019-07-22,229.1040,82.8688,60.3802,25.2868,15.9529,8326.0328,3311.8546,4172.2522
2019-07-23,229.1040,82.5005,59.8623,25.2578,16.0386,8388.8056,3295.0547,4150.2725
2019-07-24,229.9718,82.5005,60.1582,25.1998,16.0386,8419.0012,3305.7431,4166.8136
2019-07-25,229.9718,82.1007,60.9722,25.4608,16.4953,8400.9352,3298.6412,4148.2945
2019-07-26,226.5005,82.4844,60.1582,25.2288,16.4012,8435.4616,3297.9292,4144.4435
2019-07-29,226.5005,82.4844,59.4183,25.2578,16.2130,8439.1047,3306.3794,4181.4615
2019-07-30,225.6327,82.4844,59.1963,25.2288,16.0876,8403.4938,3308.5600,4188.0244
2019-07-31,225.1988,82.8680,59.7883,25.0548,16.3071,8310.4861,3334.7340,4132.5741
2019-08-01,222.5954,82.1007,58.8720,24.8808,16.0562,8271.0501,3414.5552,4248.7623
2019-08-02,218.2563,82.1007,58.6429,24.5618,15.8367,8250.9344,3463.8147,4254.3081
2019-08-05,213.9172,82.4844,58.7956,24.3588,15.6799,8039.3604,3539.7913,4333.4954
2019-08-06,215.6528,81.7171,58.4902,24.1848,15.6799,8215.3435,3595.7664,4402.6137
2019-08-07,215.2189,81.7171,58.5665,24.1558,15.6486,8150.9466,3566.7504,4431.8357
2019-08-08,219.9919,82.4844,59.7119,24.3008,15.8367,8309.2827,3573.7084,4453.2981
2019-08-12,217.8224,82.4844,59.7883,24.3008,15.7740,8137.9481,3634.5682,4473.7326
2019-08-13,213.9172,82.1007,59.5592,24.5328,15.6486,8280.8463,3629.2702,4455.8617
2019-08-14,216.5206,82.1007,59.3301,24.3878,15.7113,7950.6000,3671.5969,4438.6685
2019-08-15,215.2189,81.7171,58.4138,24.3008,15.6486,8039.2857,3743.9443,4506.1445
2019-08-16,216.9545,82.8680,59.1774,25.0258,15.7426,8124.0843,3698.5554,4458.7339
2019-08-19,218.6902,82.4844,58.7956,25.1418,15.9308,8241.1844,3654.1821,4416.8842
2019-08-20,220.8597,82.1007,59.4065,24.8808,15.8367,8190.8353,3697.7604,4458.2838
2019-08-21,220.8597,82.4844,58.7956,24.8808,15.6799,8247.4641,3668.6615,4438.7890
2019-08-22,220.4258,82.1007,57.9557,24.9968,15.5858,8237.0236,3640.8074,4423.2746
2019-08-23,220.4258,82.4844,58.4138,24.9968,15.6486,8030.5650,3703.0078,4512.8093
2019-08-26,215.6528,82.1007,57.8793,24.9388,15.5231,8149.7204,3701.8228,4530.3058
2019-08-27,216.9545,82.4844,57.2684,25.2288,15.6172,8106.1176,3753.4837,4567.1135
2019-08-28,218.6902,82.8680,57.4212,25.3448,15.6486,8151.2274,3752.8018,4547.5725
2019-08-29,220.4258,83.2517,58.1847,25.0258,15.6486,8275.3688,3747.6535,4525.9442
2019-08-30,224.7649,83.6353,58.4902,25.3158,15.8367,8236.6648,3732.7955,4495.2062
2019-09-03,220.4258,84.0190,57.8793,25.0838,15.9935,8212.0695,3748.3764,4570.8658
2019-09-04,223.4632,84.4026,58.4902,25.1998,15.8681,8302.6294,3752.7820,4597.9378
2019-09-05,228.2362,84.4026,59.1774,25.4898,15.8994,8360.2774,3663.3076,4461.3874
2019-09-06,228.6701,84.4026,58.8720,25.5188,15.9935,8367.2682,3689.6101,4423.6464
2019-09-09,229.9718,84.7863,59.4065,25.8378,16.2758,8374.4364,3625.3424,4408.6815
2019-09-10,226.9345,85.1699,58.7956,26.0408,16.6207,8370.8583,3561.1134,4370.1112
2019-09-11,228.2362,85.1699,58.6429,26.0698,16.6521,8406.0457,3544.5226,4383.9174
2019-09-12,227.8023,85.1699,59.1774,26.0988,16.5580,8421.5955,3515.6376,4385.8664
2019-09-16,230.4057,85.5536,59.5592,26.2727,16.5266,8357.5678,3470.9202,4368.9082
2019-09-17,229.9718,85.5536,58.7192,26.4177,16.5266,8371.1431,3486.5861,4373.5993
2019-09-18,231.7075,85.5536,58.7956,26.4467,16.6834,8365.8427,3497.0745,4340.7631
2019-09-19,231.7075,85.9372,58.4902,26.2147,16.6834,8395.9272,3520.4414,4374.3113
2019-09-20,230.8331,86.3209,59.5592,26.1858,16.8089,8330.0789,3555.7734,4412.1516
2019-09-23,230.8331,85.9372,58.7956,26.0118,16.6834,8361.0458,3569.0755,4454.3812
2019-09-24,231.7075,85.5536,58.4138,26.0988,16.7775,8282.8538,3606.6178,4471.1393
2019-09-25,232.5818,84.7863,58.1084,25.7508,16.6521,8327.8056,3552.1405,4386.0927
2019-09-26,234.3306,84.4026,57.8793,25.8668,16.5580,8316.3698,3577.5339,4387.9750
2019-09-27,237.8280,85.1699,57.1157,25.8378,16.4639,8267.0252,3584.3571,4362.9858
2019-10-01,244.8230,85.9372,55.8940,26.0988,16.6207,8234.1695,3616.0826,4333.2776
2019-10-02,244.3858,85.9372,56.0467,25.9538,16.5580,8086.1082,3623.7484,4382.4501
2019-10-03,241.7627,85.5536,55.8940,25.5768,16.4326,8160.5050,3660.4556,4406.7044
2019-10-04,241.7627,85.9372,56.1994,25.5188,16.4012,8233.6446,3670.8611,4386.8384
2019-10-07,243.0742,86.3209,56.1231,25.5188,16.4639,8180.3533,3632.5452,4340.0051
2019-10-08,250.5064,86.3209,55.7413,25.6928,16.4953,8037.1677,3635.0110,4369.1490
2019-10-09,246.5717,85.5536,54.9777,25.4608,16.4639,8101.3690,3609.0779,4366.6171
2019-10-14,253.5666,85.9372,54.6723,25.9828,16.4953,8201.0114,3523.7041,4305.7092
2019-10-15,256.6269,85.9372,55.2831,26.0698,16.5580,8273.5510,3477.4717,4271.2283
2019-10-16,259.2500,86.3209,55.2831,26.2437,16.5580,8229.7549,3468.8422,4279.8374
2019-10-17,256.6269,86.3209,55.2068,26.2727,16.5266,8261.8758,3463.7062,4290.0112
2019-10-18,256.1897,86.3209,55.7413,26.2437,16.5580,8251.8670,3474.7184,4299.0595
2019-10-21,253.5666,86.3209,56.1994,26.3307,16.4953,8288.8070,3440.6914,4268.7671
2019-10-22,257.0641,86.7045,56.6576,26.3887,16.6521,8256.8580,3458.7704,4278.7636
2019-10-23,256.1897,86.3209,55.5886,26.2147,16.5266,8264.8710,3455.5502,4280.5436
2019-10-24,256.1897,86.7045,56.6576,26.4177,16.7462,8309.3614,3461.5225,4327.1381
2019-10-25,256.6269,86.3209,56.5812,26.3887,16.7462,8321.2845,3435.4857,4325.7370
2019-10-28,257.5013,86.7045,57.4212,26.2727,16.8089,8387.1258,3411.9377,4298.2397
2019-10-29,260.9988,86.3209,57.8793,26.3597,16.8716,8375.0306,3410.2669,4281.4118
2019-10-30,261.8731,86.7045,57.8030,26.3597,17.1852,8365.4944,3445.6642,4286.8671
2019-10-31,260.9988,85.9372,57.4212,25.8378,17.2793,8292.7146,3471.0095,4303.5223
2019-11-01,261.4360,86.7045,56.6576,25.8378,17.2479,8444.0501,3491.1310,4345.7989
2019-11-04,268.4309,86.7045,58.3375,26.0698,17.4047,8464.3506,3439.6472,4326.3350
2019-11-05,271.4912,86.7045,58.0320,26.0698,17.4988,8424.9845,3388.8923,4241.2311
2019-11-06,271.9284,87.0882,57.0394,26.5917,17.5301,8422.1774,3407.4887,4257.0393
2019-11-07,270.1796,86.7045,56.8103,26.3887,17.3106,8468.8072,3352.4856,4199.3983
2019-11-08,267.1193,87.0882,55.7413,26.4467,17.3106,8455.0343,3324.7506,4155.6353
2019-11-11,263.1847,87.4718,55.8940,26.2147,17.1225,8476.2723,3341.7077,4164.0199
2019-11-12,266.6822,87.0882,56.0467,26.4177,17.0911,8502.8058,3360.4799,4179.5210
2019-11-13,265.8078,86.3209,55.7413,26.2727,17.0284,8496.6075,3378.7277,4191.8322
2019-11-14,265.3706,86.7045,55.4359,26.1568,16.9657,8531.1049,3422.5043,4220.3989
2019-11-15,268.4309,87.0882,55.7413,26.2727,17.0911,8584.9390,3415.6378,4205.8687
2019-11-18,271.9284,87.0882,56.4285,26.4467,17.2479,8607.9267,3428.4710,4226.5236
2019-11-19,275.4258,86.7045,56.5049,26.4177,17.3420,8591.0517,3451.2577,4221.5849
2019-11-20,274.1143,87.4718,56.7339,26.3597,17.2793,8557.9786,3486.5118,4223.1604
2019-11-21,271.9284,86.7045,55.7413,26.1278,17.1538,8547.8569,3466.1705,4201.8240
2019-11-22,270.1796,87.4718,56.0467,26.2727,17.1225,8566.5871,3470.5230,4193.7700
2019-11-25,268.4309,87.0882,56.5049,26.7367,17.0284,8664.7346,3493.4972,4189.0278
2019-11-26,268.4309,86.3209,55.2831,26.6787,17.0598,8653.6765,3501.4945,4194.3209
2019-11-27,271.9284,86.7045,55.5886,26.5917,17.1225,8689.1106,3490.0615,4170.5843
2019-11-29,266.6822,86.7045,55.3595,25.9828,16.9657,8652.3356,3480.7907,4194.2526
2019-12-02,268.8681,86.7045,55.4359,25.9828,17.0911,8608.4446,3446.2342,4206.5906
2019-12-03,268.4309,86.7045,55.3595,26.0408,17.1538,8524.1029,3507.5433,4233.6738
2019-12-04,267.5565,86.7045,55.1304,25.9828,17.0911,8579.7982,3473.7753,4229.4193
2019-12-05,272.8027,86.7045,54.8250,26.3887,17.0284,8601.7159,3459.4911,4235.0521
2019-12-06,273.6771,86.3209,55.5122,26.3597,17.0284,8664.9037,3434.2444,4185.5745
2019-12-09,276.3002,85.9372,55.2831,26.3597,17.0911,8639.9300,3442.5969,4185.4589
2019-12-10,274.1143,85.5536,54.8250,26.4177,17.1225,8623.2033,3440.0161,4193.8740
2019-12-11,278.9233,85.1699,55.5886,26.6497,17.1225,8663.3290,3473.3315,4230.3917
2019-12-12,289.8529,85.5536,55.3595,26.7077,17.1852,8707.2979,3404.1638,4200.6580
2019-12-13,296.4107,85.9372,55.3595,27.3457,17.2793,8667.1504,3425.6133,4197.5025
2019-12-16,293.7876,84.7863,55.2068,27.0267,17.3106,8736.2303,3398.5280,4201.7885
2019-12-17,301.6569,84.7863,55.4359,26.9687,17.4047,8702.5795,3380.0273,4183.7838
2019-12-18,301.2197,84.7863,56.1231,27.1137,17.4674,8680.2815,3343.4707,4173.1024
2019-12-19,295.0544,84.4026,56.1231,27.1137,17.4047,8720.7962,3350.7164,4186.2784
2019-12-20,289.7698,85.1699,56.5812,27.1137,17.4047,8792.2776,3367.8714,4206.3886
2019-12-23,294.1736,85.5536,57.1921,27.0557,17.4988,8798.6972,3360.2646,4215.9937
2019-12-24,292.4121,84.7863,56.9630,26.9687,17.4988,8803.0622,3371.4343,4257.7367
2019-12-26,293.2929,85.1699,56.9630,26.9687,17.4674,8779.7442,3352.7658,4257.1621
2019-12-27,297.6966,85.5536,56.9630,27.1137,17.5301,8829.2363,3376.1882,4280.7172
2019-12-30,294.6140,85.1699,56.9630,27.0847,17.5615,8782.6019,3364.6784,4290.7385
2019-12-31,291.5313,84.4026,56.6576,26.9107,17.4988,8801.3035,3330.7292,4297.5743
2020-01-02,298.5774,84.0190,56.6576,26.9397,17.5301,8815.6724,3342.5835,4296.0437
2020-01-03,299.0178,84.7863,57.1157,27.1137,17.5615,8765.3353,3400.4292,4361.2140
2020-01-06,292.4121,84.4026,56.4285,26.9107,17.4361,8838.4990,3396.3856,4426.8586
2020-01-07,290.2102,84.0190,56.0467,26.8527,17.4361,8817.1690,3381.0400,4446.0548
2020-01-08,290.2102,83.6353,55.4359,26.5627,17.3733,8845.8726,3351.7574,4403.5972
2020-01-09,297.2563,84.0190,56.0467,26.6787,17.4988,8913.2760,3366.3268,4382.3603
2020-01-10,299.0178,84.0190,56.5049,26.9107,17.6242,8867.7849,3388.6742,4398.9264
2020-01-13,300.7793,84.4026,56.9630,27.1427,17.9065,8934.4365,3380.5368,4369.0590
2020-01-14,304.7427,84.0190,56.8103,27.2587,17.9692,8894.6163,3387.9465,4352.3432
2020-01-15,299.4582,83.6353,56.9630,27.1427,17.9378,8900.3905,3404.9358,4370.7019
2020-01-16,294.6140,84.0190,57.6502,27.2007,18.0946,9006.6268,3406.3845,4379.4972
2020-01-17,293.2929,84.0190,57.8030,27.3457,18.1887,9024.3966,3373.4287,4382.5955
2020-01-30,278.7603,83.2517,54.9777,26.0988,17.6242,8965.5191,3556.4597,4467.6107
2020-01-31,281.8430,82.8680,55.4359,26.1278,17.6242,8836.0714,3602.5256,4510.5127
2020-02-03,277.4392,82.8680,55.7413,25.6058,17.5929,8943.2622,3616.4088,4502.1327
2020-02-04,286.2468,82.8680,56.1231,26.1278,17.9692,9047.8581,3555.2436,4428.0429
2020-02-05,288.4487,82.8680,56.2758,26.3307,18.0946,9088.1747,3491.7167,4402.4051
2020-02-06,292.8525,83.2517,56.5049,26.6787,18.2514,9095.3751,3498.4593,4414.7772
2020-02-07,288.8891,83.6353,56.1994,26.3307,18.0005,9070.7639,3551.4565,4438.1336
2020-02-10,288.4487,83.6353,57.2684,26.1858,18.0005,9183.2135,3578.7267,4471.3260
2020-02-11,291.9717,83.2517,56.9630,26.6787,18.0319,9153.0952,3542.8697,4433.6391
2020-02-12,295.0544,83.2517,56.8103,26.8817,18.0319,9188.4422,3515.8844,4418.6752
2020-02-13,295.0544,84.0190,56.8867,26.7077,18.1887,9166.6893,3524.7750,4438.0459
2020-02-14,295.0544,83.6353,56.6576,26.7657,18.1260,9204.3959,3549.0817,4467.7651
2020-02-18,283.6045,84.0190,57.3448,26.6787,18.2514,9190.1661,3577.0819,4529.7148
2020-02-19,287.5679,84.4026,57.2684,26.8817,18.7218,9246.1061,3581.4853,4562.0483
2020-02-20,286.6872,84.0190,56.5049,26.7367,18.8159,9243.6612,3623.4712,4598.3621
2020-02-21,286.2468,84.0190,56.5049,26.5047,18.7218,9164.8403,3663.8637,4675.8075
2020-02-24,281.8430,83.2517,56.1231,26.0988,18.5023,8908.3761,3738.4893,4743.1066
2020-02-25,283.6045,83.2517,56.1231,26.0698,18.5337,8625.6420,3752.8279,4651.4285
2020-02-26,280.5218,82.8680,55.7413,25.9248,18.3769,8614.0238,3741.6882,4682.6897
2020-02-27,278.3199,82.8680,55.8940,25.7798,18.2201,8171.6973,3756.7852,4652.0320
2020-03-02,273.9161,82.8680,54.3668,25.4898,17.9692,8466.1569,3802.7582,4494.5008
2020-03-03,279.6411,82.8680,54.9777,25.6058,18.0633,8136.6659,3820.9050,4586.6915
2020-03-04,282.2834,83.6353,56.1231,25.7798,18.1887,8468.7175,3775.8912,4589.3434
2020-03-05,284.4853,84.4026,56.1994,26.1858,18.5023,8181.7030,3867.2807,4685.3277
2020-03-06,277.4392,83.2517,55.5122,25.6348,18.2514,8082.6965,4086.8751,4708.2244
2020-03-09,269.0720,82.4844,54.8250,24.5618,17.6556,7455.7180,4200.0291,4718.6766
2020-03-10,270.3931,82.4844,55.2831,24.5618,17.5615,7863.5426,3995.9410,4632.0828
2020-03-11,265.9893,83.2517,55.6649,24.4458,17.4361,7419.0889,3817.4486,4577.8779
2020-03-12,258.9432,82.4844,53.6796,23.4889,16.9657,6783.4721,3883.5979,4443.8973
2020-03-13,255.4202,81.3334,52.0761,22.9959,16.6207,7333.7363,3780.5404,4290.9494
2020-03-16,243.5300,80.5662,50.6253,22.0679,15.8054,6565.9267,4046.7601,4264.3555
2020-03-17,236.0435,82.1007,49.5563,21.6620,14.7705,6950.0871,3793.0934,4340.6801
2020-03-18,228.9974,81.7171,47.2656,21.3720,13.9238,6553.2274,3554.7333,4225.2210
2020-03-19,220.5490,80.9498,48.0291,20.2120,12.5439,6587.9306,3663.0630,4158.4548
2020-03-20,240.1138,81.7171,49.6327,21.7490,13.7983,6345.0434,3964.1320,4248.2752
2020-03-23,226.7741,80.9498,47.8001,20.8790,13.2966,6172.2081,4120.4128,4428.3547
2020-03-24,237.8905,82.1007,50.8544,21.0240,14.1433,6719.6453,4036.6332,4635.1342
2020-03-25,246.3390,82.8680,50.8544,21.5170,15.1782,6804.2141,4018.0007,4560.9387
2020-03-26,249.0069,82.4844,50.2435,21.6330,15.1154,7227.3105,4052.2453,4635.9699
2020-03-27,242.7817,82.4844,48.9454,22.2129,15.1782,6983.7646,4143.6333,4587.4448
2020-03-30,237.8905,81.7171,48.7164,21.9810,15.1154,7219.1813,4114.4458,4613.1376
2020-03-31,243.6710,82.4844,50.0908,21.7780,15.2095,7079.2803,4062.5148,4445.9417
2020-04-01,241.4478,82.1007,49.7090,21.6910,15.2095,6805.7025,4146.8676,4517.8733
2020-04-06,245.0050,82.8680,52.6870,21.6330,15.2095,7327.8543,4174.9500,4745.6201
2020-04-07,251.6748,82.4844,52.6870,21.6040,15.4290,7294.1026,4108.0107,4693.6830
2020-04-08,253.4535,82.8680,53.6033,22.0099,15.6799,7543.2140,4080.4278,4654.5009
2020-04-09,251.6748,82.1007,53.1451,22.1549,15.9935,7650.3672,4083.7680,4771.3322
2020-04-13,247.6729,82.8680,51.9997,22.9089,15.9935,7570.1804,4040.9650,4846.4966
2020-04-14,253.4535,83.2517,51.9997,23.5759,16.3385,7747.7667,4016.2990,4855.9978
2020-04-15,255.6767,83.6353,51.9234,23.8079,16.7148,7626.5827,4146.3048,4858.8990
2020-04-16,254.7874,82.8680,51.5416,23.3149,16.5580,7633.7648,4177.1914,4835.9379
2020-04-17,272.5736,83.2517,51.7707,23.5469,16.4953,7848.3828,4125.6088,4747.1104
2020-04-20,270.3504,83.6353,51.7707,23.2569,16.4326,7735.3489,4172.4103,4796.5894
2020-04-21,262.3466,83.2517,50.3962,22.6189,16.0562,7499.2325,4224.2427,4763.0584
2020-04-22,261.4573,83.6353,51.2362,22.8799,15.8994,7682.5208,4190.2780,4867.4261
2020-04-23,262.7912,83.6353,51.8470,22.9669,15.9935,7671.2489,4206.6434,4909.0204
2020-04-24,261.4573,83.2517,50.8544,22.7349,16.1190,7726.6730,4188.5955,4855.6171
2020-04-27,265.0145,84.0190,51.6943,23.2569,16.4326,7896.8869,4141.4702,4859.5632
2020-04-28,263.6805,84.0190,52.1525,23.3729,16.5580,7817.1968,4166.0270,4811.2068
2020-04-29,265.9038,84.4026,52.6870,23.8079,16.7775,7992.8756,4129.4451,4820.3626
2020-04-30,270.7950,84.0190,53.0688,24.5328,17.1225,7871.9632,4057.2631,4705.2440
2020-05-04,262.3466,83.6353,52.1525,23.6339,16.8089,7752.9138,4108.9086,4793.0435
2020-05-05,262.7912,83.6353,53.4505,23.5759,16.8402,7750.4683,4043.9582,4767.8024
2020-05-06,263.2359,84.0190,53.2215,23.5179,16.8402,7701.8301,3980.7192,4708.8937
2020-05-07,264.5698,83.6353,53.5269,23.4889,16.8089,7892.6447,4098.0458,4841.2158
2020-05-08,264.5698,84.4026,54.1378,23.5759,16.8402,7965.1968,4015.5052,4777.3077
2020-05-11,267.6824,84.4026,54.2141,23.8949,16.9657,7982.8830,3992.1882,4757.0928
2020-05-12,262.3466,84.4026,52.9924,23.8949,16.8402,7837.4064,4040.1928,4783.9155
2020-05-13,264.1252,84.4026,53.7560,23.7499,17.0284,7672.0082,4054.3056,4813.1451
2020-05-14,260.5679,84.4026,53.4505,23.5179,16.8716,7790.9300,4108.2790,4872.6948
2020-05-15,265.0145,84.0190,52.7633,23.8659,16.9030,7822.5529,4095.5183,4897.5724
2020-05-18,257.9000,84.7863,53.2978,23.8949,16.8089,8081.8723,4016.0601,4873.2164
2020-05-19,259.2340,85.1699,53.6033,24.3588,16.8716,7995.1232,4029.2020,4917.9443
2020-05-20,261.4573,85.5536,54.4432,24.5038,16.9343,8105.1433,4028.4419,4913.9790
2020-05-21,264.5698,85.5536,55.2068,24.7648,16.9343,8058.6234,4043.2395,4848.0299
2020-05-22,259.6786,85.1699,54.9013,24.1848,16.7775,8072.8501,4067.0209,4876.0621
2020-05-26,262.7912,85.1699,55.2068,24.6198,16.8716,8216.6251,4034.2392,4832.8138
2020-05-27,263.6805,84.4026,55.2831,24.7358,16.9030,8321.3914,4018.3835,4831.3703
2020-05-28,261.4573,84.7863,54.5959,24.3878,16.8089,8319.8918,4010.2736,4855.6430
2020-05-29,259.6786,84.7863,55.5886,24.5908,16.7148,8324.9576,4023.4417,4872.6382
2020-06-01,262.7912,85.5536,56.0467,24.6488,16.9657,8368.1044,4000.8960,4900.6352
2020-06-02,263.6805,85.9372,56.1231,24.9098,17.2793,8406.1179,3971.5746,4850.8460
2020-06-03,267.6824,86.3209,56.7339,25.2578,17.6869,8528.8689,3923.7674,4767.4277
2020-06-04,272.1290,86.7045,56.9630,25.2578,17.6242,8502.7361,3865.2601,4815.4982
2020-06-05,277.0202,86.3209,56.4285,25.2288,17.5615,8716.9186,3836.0800,4715.8398
2020-06-08,282.8007,86.7045,56.1231,25.4318,17.6242,8783.2027,3833.7658,4745.7603
2020-06-09,283.6900,86.7045,56.4285,25.5188,17.6869,8699.2265,3869.0920,4781.3588
2020-06-10,286.8026,86.7045,56.2758,25.8668,17.7810,8634.6346,3919.1788,4840.8543
2020-06-11,285.0240,86.3209,55.7413,25.2868,17.5615,8125.3108,3987.5869,4799.1116
2020-06-12,281.0221,86.7045,54.9777,25.0838,17.3420,8214.8266,3945.3984,4801.3553
2020-06-15,275.2416,85.5536,53.9087,24.9968,17.2479,8320.4723,3961.3736,4809.5294
2020-06-16,280.1328,86.3209,55.9704,25.5768,17.5929,8438.2324,3881.1322,4783.1299
2020-06-17,280.1328,86.7045,55.3595,25.6928,17.5929,8404.6046,3897.8135,4793.0816
2020-06-18,281.9256,86.3209,55.3595,25.4318,17.5615,8409.2667,3939.7521,4784.4577
2020-06-19,281.9256,86.7045,54.3668,25.2868,17.4361,8390.6937,3956.8143,4854.3038
2020-06-22,279.6846,87.0882,54.2141,25.2868,17.4361,8441.6672,3955.9634,4884.0224
2020-06-23,282.3738,87.4718,55.0541,25.5188,17.5301,8437.8200,3909.1378,4900.3386
2020-06-24,284.6149,87.8555,54.5196,25.6058,17.5301,8254.1502,3966.2325,4902.0131
2020-06-29,279.6846,88.2391,54.8250,25.4028,17.4361,8256.9216,4004.0635,4919.2509
2020-06-30,280.5810,89.7737,54.4432,25.4608,17.4361,8331.3857,3969.7040,4922.6028
2020-07-01,284.6149,89.3901,54.3668,25.7038,17.5615,8385.3211,3959.9066,4897.9614
2020-07-02,288.6488,90.7643,55.2831,25.5823,17.5929,8440.5941,3968.3013,4913.8372
2020-07-06,302.9916,89.1719,56.3522,26.3115,17.8124,8577.6784,3955.1768,4947.1789
2020-07-07,303.4398,88.7738,55.8940,26.3115,17.7497,8475.6916,4004.3830,4970.4689
2020-07-08,305.6809,89.1719,55.9704,26.1900,17.8437,8562.2740,3998.5464,5014.0830
2020-07-09,309.2666,87.9776,56.1231,26.0077,17.7497,8473.4468,4043.0842,4976.9783
2020-07-10,312.4041,88.3757,56.1994,25.7646,17.7497,8556.9899,4021.3705,4962.3428
2020-07-13,317.7826,87.9776,56.1994,26.1292,18.0633,8521.3606,4052.9638,4991.0319
2020-07-14,325.8504,87.5796,55.6649,25.9469,18.0633,8629.7377,4057.8277,5013.1166
2020-07-15,325.4022,87.1815,55.7413,26.0077,18.0946,8688.8264,4029.5237,5005.9006
2020-07-16,320.4719,87.1815,55.7413,26.0381,18.1573,8686.5257,4060.9622,4973.6540
2020-07-17,328.9879,87.1815,55.3595,26.0077,18.2828,8678.2841,4036.9120,4995.3864
2020-07-20,328.0915,87.5796,55.4359,25.9165,18.3455,8775.2598,4059.2526,5034.8669
2020-07-21,343.3307,87.5796,55.0541,25.8254,18.3455,8791.8411,4060.7147,5094.3311
2020-07-22,344.2271,87.5796,55.0541,26.1900,18.3141,8828.3723,4066.6274,5163.8735
2020-07-23,341.9861,86.7834,54.9777,25.9469,18.2514,8731.8459,4118.2895,5214.7083
2020-07-24,346.0200,86.7834,54.4432,25.5216,18.1573,8674.1360,4117.3462,5258.5513
2020-07-27,380.5324,85.9872,54.4432,25.4000,18.1573,8744.6058,4105.4495,5366.8556
2020-07-28,389.9448,86.3853,53.9087,25.3393,18.7627,8609.1892,4095.8153,5361.8251
2020-07-29,378.2913,86.3853,53.9851,25.4000,18.9368,8754.4965,4107.3369,5426.5308
2020-07-30,389.0484,86.3853,54.9777,25.6431,18.9716,8707.4868,4126.9232,5376.6338
2020-07-31,381.4288,87.1815,54.5959,25.3696,18.8671,8746.6002,4110.3141,5407.1386
2020-08-03,372.9127,85.9872,53.4505,25.0658,18.6583,8852.7147,4110.6577,5441.1083
2020-08-04,381.4288,86.3853,53.6033,25.0962,18.8671,8868.1097,4141.0625,5545.1281
2020-08-05,384.5663,85.9872,53.9851,25.1570,18.7279,8928.3764,4107.2446,5599.8578
2020-08-06,389.9448,86.7834,55.0141,25.2481,18.7975,9010.5098,4140.5033,5688.3643
2020-08-07,388.1520,86.7834,54.6975,25.0050,18.7279,9026.5072,4117.2494,5603.9180
2020-08-10,390.3930,86.3853,54.6183,25.3696,18.6931,9069.4846,4106.0736,5594.4029
2020-08-11,384.5663,86.3853,54.3017,25.3696,18.6931,8961.6007,4042.3801,5274.5812
2020-08-12,375.6020,86.7834,53.6684,25.4304,18.6931,9088.0962,4006.2943,5250.8541
2020-08-13,384.5663,87.1815,54.0642,25.5216,18.7975,9064.9235,3960.5229,5370.8724
2020-08-14,382.7734,86.7834,54.0642,25.4304,18.7627,9078.4053,3950.7987,5355.5225
2020-08-17,389.9448,86.3853,54.7766,25.8254,18.8671,9120.6209,3966.5453,5479.7430
2020-08-18,388.1520,86.7834,54.3808,25.8558,19.1456,9125.9217,3988.6184,5520.3916
2020-08-19,383.2216,86.7834,54.1434,25.9773,19.1804,9093.8116,3966.2520,5349.6007
2020-08-20,372.0163,86.7834,53.1143,25.1570,18.8323,9141.1738,4010.4607,5397.8361
2020-08-21,380.5324,87.1815,53.1143,25.4000,19.0760,9143.9748,4021.4639,5337.3014
2020-08-24,383.6698,86.7834,53.0352,25.3393,18.8323,9258.9967,4024.6504,5319.9520
2020-08-25,389.4966,86.7834,53.3518,26.3723,18.9716,9259.1532,3979.9880,5307.9340
2020-08-26,396.2198,86.7834,53.2726,26.3723,19.0412,9351.9832,3964.7616,5370.6146
2020-08-27,398.0126,87.1815,53.3518,26.1900,18.9368,9369.7768,3896.2189,5307.0155
2020-08-28,389.9448,86.7834,53.0352,26.3115,18.9368,9443.6651,3898.8362,5406.9049
2020-08-31,382.3252,86.3853,52.7185,26.0077,18.9368,9412.1154,3925.8410,5421.3410
2020-09-01,389.9448,86.7834,52.4019,26.0077,18.9368,9493.1555,3967.5612,5423.4456
2020-09-02,388.1520,86.3853,51.6103,25.6431,18.7279,9628.9834,4004.7196,5351.4049
2020-09-03,390.8412,86.7834,51.1354,25.9773,18.6931,9294.2471,4014.6448,5306.1159
2020-09-04,384.5663,86.3853,50.3438,25.7950,18.5538,9213.9862,3936.5431,5318.2374
2020-09-08,386.3591,86.7834,52.2436,25.8254,18.5190,8970.2559,3964.2760,5312.7396
2020-09-09,382.7734,86.3853,51.6895,25.6735,18.5190,9129.2250,3945.7731,5353.6634
2020-09-10,389.9448,86.7834,52.2436,26.1596,18.5887,8981.1390,3970.4381,5342.6115
2020-09-11,391.2895,86.7834,52.2436,26.4027,18.5887,8981.9054,3977.2199,5340.0561
2020-09-14,395.3234,86.7834,52.8769,26.5242,18.5190,9104.3749,3978.7976,5384.6669
2020-09-15,398.9091,86.7834,52.2436,26.5849,18.5190,9100.6857,3947.5702,5342.6141
2020-09-16,410.5626,86.7834,52.5602,26.5849,18.5887,9086.9793,3945.5120,5371.0041
2020-09-17,404.2532,86.7834,51.0562,26.2811,18.5190,9002.4299,3955.5370,5338.7731
2020-09-18,400.1971,86.7834,51.0562,26.0381,18.3798,8881.1298,3935.4207,5335.1688
2020-09-21,396.5917,86.3853,50.6605,25.7646,18.1361,8746.9741,3939.4822,5206.9776
2020-09-22,393.8877,85.9872,50.6605,25.4608,17.8228,8824.9979,3931.4411,5175.2582
2020-09-23,390.7330,85.5891,50.6605,25.3696,17.7880,8639.4726,3945.4455,5074.6780
2020-09-24,381.2689,85.1910,48.8399,24.6708,17.3355,8710.0336,3982.2885,5121.4973
2020-09-25,382.1702,85.5891,48.9190,24.7924,17.6140,8872.6144,3992.0829,5119.4616
2020-09-28,388.9303,85.9872,49.7106,25.0962,18.0317,9016.1917,3979.0434,5168.7931
2020-09-29,388.4796,86.3853,49.4731,25.3089,17.9621,8920.5550,3962.9622,5185.3291
2020-09-30,390.2823,85.1910,49.4731,25.4608,17.8228,8923.3271,3896.6550,5116.9966
2020-10-05,389.8317,85.1910,49.5523,25.0354,17.7184,9062.4908,3816.4886,5188.5373
2020-10-06,396.1411,85.9872,50.1855,25.2177,17.9273,8867.3069,3808.5558,5089.4321
2020-10-07,399.2958,84.7929,49.3940,25.0050,17.8228,9053.6492,3794.1903,5105.1764
2020-10-08,408.3092,85.5891,49.9480,24.9443,17.6488,9072.3777,3788.9885,5088.8224
2020-10-12,414.6186,85.1910,49.9480,25.1873,17.6488,9296.7485,3798.7549,5164.1965
2020-10-13,416.4213,85.5891,49.7106,25.1873,17.5095,9238.9836,3827.1586,5084.5693
2020-10-14,413.7173,85.5891,49.6314,25.4000,17.5095,9253.3271,3866.1598,5140.5225
2020-10-15,408.3092,84.7929,49.4731,25.0962,17.4399,9204.2006,3843.7450,5138.2246
2020-10-16,404.7038,84.7929,49.1565,25.1266,17.3355,9203.4425,3835.0580,5123.0940
2020-10-19,412.3653,85.1910,49.3148,25.1873,17.2311,9075.8185,3825.7487,5132.6369
2020-10-20,406.5065,84.7929,49.4731,25.1570,17.1962,9093.5859,3781.6126,5146.8592
2020-10-21,408.3092,85.1910,49.0773,25.1570,17.0570,9016.2165,3743.5746,5151.2541
2020-10-22,410.1119,85.1910,49.8689,25.2177,17.2659,9114.3020,3724.5257,5128.1292
2020-10-23,407.4079,85.5891,49.5523,25.1570,17.2311,9146.8424,3747.9462,5123.5738
2020-10-26,405.6052,86.3853,49.5523,25.3393,17.3703,8947.1341,3769.8886,5103.4948
2020-10-27,402.9012,86.7834,48.9982,25.0962,17.2311,8920.5940,3797.0141,5119.3992
2020-10-28,400.1971,86.3853,48.8399,25.1266,17.1962,8608.8277,3797.5301,5032.7387
2020-10-29,393.8877,85.5891,48.4441,24.7620,16.9526,8699.0653,3761.8514,5013.4581
2020-10-30,389.3810,85.1910,48.5232,24.7316,16.9178,8542.9003,3696.4075,4998.0187
2020-11-02,392.5357,87.1815,48.4441,25.1873,17.1266,8705.0432,3752.7161,5085.3082
2020-11-03,397.4931,87.1815,49.3148,25.2785,17.3355,8850.9003,3727.6417,5109.6510
2020-11-04,405.6052,87.1815,49.4731,25.3089,17.3007,9060.2142,3813.3450,5113.2867
2020-11-05,406.5065,87.5796,49.5523,25.3089,17.4399,9223.0541,3814.2421,5222.9624
2020-11-06,407.8586,87.1815,49.7106,25.4912,17.6140,9214.3586,3765.4550,5226.6488
2020-11-09,413.2666,87.5796,50.1064,25.9469,17.7184,9344.4351,3691.9729,5002.9112
2020-11-10,406.5065,87.5796,50.8979,26.4938,17.9621,9347.1900,3677.1545,5028.3380
2020-11-11,411.9146,87.5796,51.5312,27.6787,18.4494,9404.0232,3685.4876,4999.8835
2020-11-12,412.8159,87.5796,53.4310,27.4661,18.2057,9287.2569,3737.9270,5016.3909
2020-11-13,416.4213,87.5796,54.1434,27.5268,18.1709,9390.5033,3722.9242,5037.0131
2020-11-16,436.2509,87.1815,53.8267,27.6787,18.2057,9523.7708,3720.2517,5045.2317
2020-11-17,437.6029,87.5796,53.7476,27.6787,18.1709,9484.2235,3749.1544,5032.9152
2020-11-18,447.9684,87.5796,54.0642,27.6483,17.9969,9365.4477,3758.1549,5001.6406
2020-11-19,441.6590,87.5796,54.1434,27.4964,17.8576,9414.4475,3781.3461,4997.3150
2020-11-20,439.8563,87.1815,53.9059,27.2838,17.6488,9335.8890,3809.1356,5004.8810
2020-11-23,447.5177,87.9776,54.2225,27.6483,17.8228,9404.8073,3796.9152,4913.0846
2020-11-24,443.4617,87.1815,53.5101,27.3141,17.9273,9553.5384,3758.0223,4836.3506
2020-11-25,438.9549,86.7834,53.0352,27.4357,17.6836,9521.9177,3739.8177,4825.5087
2020-11-27,440.7576,87.1815,52.4811,27.7395,17.7184,9562.6268,3781.7229,4783.6425
2020-11-30,433.0962,86.3853,51.4520,26.9192,17.5095,9523.0624,3778.1019,4753.0949
2020-12-01,441.6590,86.7834,52.3228,27.2230,17.6140,9626.7823,3722.2266,4852.9719
2020-12-02,449.7711,86.7834,51.6895,27.0711,17.6140,9632.2503,3687.0275,4881.9807
2020-12-03,447.9684,86.3853,52.0061,27.0103,17.5792,9618.8004,3712.5829,4914.8891
2020-12-04,453.3765,87.1815,52.4811,27.4357,17.6836,9683.7162,3651.3545,4891.8721
2020-12-07,463.2913,86.3853,51.9270,27.7091,17.5095,9605.1635,3661.9331,4934.6962
2020-12-08,472.3047,87.1815,51.7687,27.5876,17.4399,9559.5245,3651.0695,4914.0000
2020-12-09,468.6993,86.3853,51.7687,27.4053,17.4747,9550.1513,3668.3375,4868.9333
2020-12-10,461.4886,86.3853,51.8478,27.7395,17.4051,9552.8827,3703.1212,4862.5973
2020-12-11,465.0939,86.3853,51.5312,28.6814,17.4747,9522.6568,3708.8195,4861.9242
2020-12-14,457.8832,86.3853,51.4520,28.7421,17.4051,9478.4420,3697.9241,4834.3400
2020-12-15,454.2778,86.7834,51.4520,27.8610,17.3007,9582.7259,3676.3916,4889.8013
2020-12-16,461.4886,87.1815,52.0061,28.1649,17.5792,9592.9827,3664.7807,4914.3400
2020-12-17,460.1299,87.1815,53.0352,28.0737,17.6140,9652.5679,3657.3334,4969.0981
2020-12-18,461.9415,87.1815,52.6394,27.9522,17.5095,9618.3692,3648.0191,4962.9044
2020-12-21,467.3761,87.1815,52.8769,27.6483,17.6140,9597.9482,3667.8247,4954.3640
2020-12-22,461.0357,86.7834,52.3228,27.2838,17.4051,9571.9056,3682.9581,4910.1486
2020-12-23,461.0357,86.3853,52.1644,27.2230,17.3703,9577.3751,3656.3168,4941.1749
2020-12-24,461.9415,85.9872,52.2436,27.6787,17.3703,9616.0705,3671.3329,4961.6075
2020-12-28,466.4703,87.1815,52.9560,27.6787,17.3703,9631.1148,3647.3797,4909.1617
2020-12-29,466.4703,86.7834,52.9560,27.6483,17.4051,9670.5434,3664.6483,4956.6697
2020-12-30,475.5280,87.5796,53.6684,28.4991,17.8924,9690.4042,3674.8770,4997.7412
2020-12-31,480.0568,86.7834,53.4310,28.4079,17.7880,9720.7314,3673.0980,5006.5652
2021-01-04,485.4914,86.7834,53.5101,28.1041,17.6488,9582.9292,3666.5821,5115.0860
2021-01-05,490.9260,87.1815,53.0352,28.1649,17.6140,9665.0957,3645.4495,5138.8297
2021-01-06,497.2664,87.1815,52.3228,27.7091,17.5443,9672.3643,3552.0633,5029.1043
2021-01-07,511.7587,86.7834,52.7185,28.0737,17.5443,9772.1765,3505.0118,4994.9283
2021-01-08,525.3452,87.5796,53.5893,28.8333,17.7532,9862.0407,3505.8491,4840.8314
2021-01-11,528.9683,88.3757,53.2726,28.8029,17.7532,9827.2022,3511.3632,4846.9410
2021-01-12,535.3086,88.3757,53.0352,29.0156,17.6140,9830.5764,3509.0373,4878.9642
2021-01-13,547.9894,88.7738,53.0352,29.3498,17.6140,9842.0267,3543.1481,4850.5458
2021-01-14,536.2144,89.1719,52.8769,29.4409,17.5443,9821.5829,3514.9736,4854.9589
2021-01-15,544.3663,88.3757,52.2436,28.9244,17.4051,9739.1347,3525.0040,4789.3984
2021-01-19,567.9163,88.3757,53.1143,28.7117,17.3355,9813.9593,3535.7873,4829.1682
2021-01-20,586.0316,86.7834,50.8979,28.0737,17.0918,9925.8751,3530.7686,4896.0120
2021-01-21,609.5816,86.3853,52.3228,28.0737,17.0570,9926.0259,3502.8494,4888.5591
2021-01-22,587.8431,86.3853,52.7977,28.1041,16.9178,9915.2937,3522.8559,4862.0350
2021-01-25,573.3509,86.7834,52.7977,28.8029,16.8830,9951.8338,3563.4563,4864.9759
2021-01-26,558.8586,86.3853,53.0352,28.2560,16.7785,9925.0667,3552.7112,4847.4703
2021-01-27,557.0470,86.7834,53.1935,28.4383,16.8481,9681.8008,3561.4906,4816.4134
2021-01-28,544.3663,86.7834,53.7476,28.0737,16.7089,9770.3137,3543.7073,4823.4703
2021-01-29,535.3086,85.9872,53.8267,27.6787,16.4304,9574.5780,3522.3358,4821.4461
2021-02-01,553.4240,86.7834,53.8267,27.9218,16.6393,9757.7877,3535.0546,4878.6140
2021-02-02,572.4451,86.7834,53.5101,28.7117,16.7785,9877.8475,3505.9034,4810.5262
2021-02-03,570.6336,86.7834,53.9059,28.9244,16.6741,9852.9651,3463.3216,4787.3974
2021-02-04,567.9163,85.9872,54.2225,28.6206,16.7089,9967.1004,3454.8099,4685.3315
2021-02-05,572.4451,86.3853,54.3808,28.4991,16.7785,10020.2997,3430.6637,4738.1915
2021-02-17,600.5239,86.3853,54.4600,29.7144,17.1962,10191.0813,3395.3510,4663.8934
2021-02-18,597.8066,86.3853,54.3808,29.8967,17.3355,10103.8103,3366.9825,4643.4383
2021-02-19,590.5604,86.7834,54.1434,29.8359,17.3355,10065.0506,3315.3382,4653.0320
2021-02-22,588.7489,86.3853,54.2225,29.7448,17.3007,10004.4824,3295.6659,4730.6511
2021-02-23,580.5970,87.1815,54.6183,30.2309,17.5792,9981.3131,3274.5758,4703.1257
2021-02-24,566.1047,87.1815,54.6975,30.3828,17.6488,10106.1059,3257.8675,4706.6839
2021-02-25,575.1624,87.9776,55.3307,31.4158,17.9273,9791.6945,3181.6283,4584.9231
2021-02-26,548.8951,87.1815,53.1935,30.3220,17.5792,9781.7555,3300.4796,4492.6545
2021-03-02,551.6124,87.1815,53.8267,30.4436,17.5095,9960.0222,3263.4539,4518.0839
2021-03-03,563.3874,87.1815,54.6975,30.9905,17.5792,9800.1843,3218.8920,4455.5986
2021-03-04,544.3663,87.1815,54.2225,30.7474,17.4747,9671.9323,3195.8256,4408.5885
2021-03-05,544.3663,87.5796,54.1434,30.8689,17.4399,9882.9083,3212.7919,4426.1608
2021-03-08,541.6490,87.5796,54.4600,31.6589,17.5095,9874.1848,3200.9363,4398.3021
2021-03-09,538.9317,87.9776,55.4890,32.6311,17.8924,10142.6520,3286.6055,4549.0378
2021-03-10,540.7432,87.9776,55.5682,32.8134,18.1013,10194.5993,3289.5805,4567.2186
2021-03-11,551.6124,88.3757,55.2516,33.6641,18.0317,10279.7390,3260.0709,4555.1871
2021-03-12,556.1413,88.3757,55.4099,33.3603,18.0665,10220.2204,3168.1467,4521.8816
2021-03-15,553.4240,87.9776,55.1724,33.7249,18.1709,10334.2993,3203.2426,4565.2325
2021-03-16,555.2355,87.9776,54.8558,33.6641,18.2406,10332.6303,3193.8840,4574.4875
2021-03-17,549.3239,87.9776,54.9349,33.1173,18.1013,10389.8678,3176.7122,4616.9499
2021-03-18,547.5050,88.3757,55.4890,33.0565,18.1709,10231.8466,3142.4387,4587.0530
2021-03-19,537.5007,87.5796,54.2225,32.6311,18.1361,10280.6322,3182.8793,4636.7833
2021-03-22,539.3197,87.9776,54.6183,32.7527,18.0665,10355.9379,3216.4392,4626.9344
2021-03-23,540.2291,88.3757,54.5392,33.1173,18.0317,10246.3748,3236.6123,4580.6144
2021-03-24,523.8586,88.3757,54.2225,33.0565,18.1013,10228.2836,3264.8842,4611.7950
2021-03-25,522.9491,88.7738,55.1724,33.6034,18.1361,10313.9610,3248.0014,4607.6075
2021-03-26,536.5912,88.7738,56.3598,33.7249,18.2406,10488.4871,3239.2000,4624.3755
2021-03-29,544.7765,89.1719,56.7555,33.9680,18.2406,10513.4214,3220.9676,4582.5416
2021-03-30,542.9576,88.7738,57.7846,34.5149,18.2406,10464.2550,3231.2750,4495.0784
2021-03-31,533.8628,88.7738,57.7846,34.5149,18.1709,10474.8487,3203.5130,4549.4384
2021-04-01,547.5050,88.7738,57.3888,35.1225,18.1709,10563.1382,3249.0462,4596.0851
2021-04-06,554.7808,89.1719,57.7054,34.8187,18.1709,10713.2178,3258.2997,4633.3425
2021-04-07,554.7808,89.1719,57.7846,34.9402,18.2057,10742.5006,3240.7021,4627.5597
2021-04-08,557.5092,88.3757,57.7846,34.5756,18.2406,10762.5954,3258.1016,4663.9243
2021-04-09,554.7808,89.1719,57.6263,34.2718,18.2057,10848.6034,3248.6227,4632.0844
2021-04-12,550.2334,88.3757,57.3888,35.2440,18.2406,10902.0180,3262.0030,4624.9800
2021-04-13,550.2334,89.1719,57.5471,35.1225,18.2754,10893.5071,3274.1789,4640.3659
2021-04-14,556.5997,89.9681,57.7846,34.6972,18.3450,10863.9897,3266.0854,4623.4773
2021-04-15,562.9661,90.7643,57.8637,36.4594,18.7279,10949.7784,3311.3918,4684.9775
2021-04-16,554.7808,90.7643,57.9429,36.4594,18.7627,10952.0997,3275.4220,4698.6059
2021-04-19,548.4144,91.1624,59.1303,37.5531,18.9716,10902.0355,3267.1356,4687.2218
2021-04-20,547.5050,91.5604,60.0010,37.5531,18.9368,10773.1898,3267.3256,4682.5830
2021-04-21,538.4102,91.1624,59.1303,37.3101,18.7975,10836.0762,3262.1275,4712.0114
2021-04-22,537.5007,91.1624,60.1593,37.1278,18.6931,10719.4864,3270.9860,4673.7789
2021-04-23,547.5050,90.7643,59.8427,37.2493,18.6583,10876.8748,3275.6948,4673.5601
2021-04-26,554.7808,90.7643,59.7635,38.9507,18.7975,10878.5100,3264.6933,4676.8587
2021-04-27,554.7808,90.7643,59.5260,39.4369,18.7975,10789.2573,3210.3564,4627.8074
2021-04-28,547.5050,90.7643,60.0010,39.5584,18.7627,10820.7540,3222.7440,4656.3217
2021-04-29,545.6860,90.7643,59.4469,39.0115,18.7627,10845.1336,3200.0664,4618.0905
2021-05-03,534.7723,89.9681,58.9719,41.8067,18.5190,10821.7901,3216.7265,4672.9212
2021-05-04,537.5007,89.5700,58.6553,40.9560,18.2754,10784.9589,3247.5704,4651.5799
2021-05-05,532.0439,89.1719,57.7846,42.2321,18.3102,10776.4341,3249.3386,4665.6957
2021-05-06,533.8628,89.9681,59.1303,42.2929,18.5190,10859.2963,3253.7316,4742.1231
2021-05-07,544.7765,90.3662,59.0511,43.0220,18.5538,10963.0422,3244.9996,4795.5972
2021-05-10,535.6818,90.7643,59.5260,46.5464,18.6583,10778.6724,3189.7032,4776.5344
2021-05-11,519.3112,91.1624,59.1303,45.4527,18.2754,10674.1996,3169.1933,4773.6660
2021-05-12,509.3069,89.5700,57.4680,42.5359,17.6836,10517.3812,3156.8919,4757.8941
2021-05-13,497.4837,88.3757,57.5471,41.6852,17.6488,10684.5178,3173.8993,4795.7473
2021-05-14,506.5785,90.3662,58.7345,42.2929,17.7880,10814.9024,3193.6330,4824.4406
2021-05-17,499.3027,89.5700,57.4680,39.8622,17.3703,10796.2263,3189.4897,4884.5944
2021-05-18,520.2207,90.3662,58.5762,43.3866,17.8228,10739.3072,3192.0598,4910.6068
2021-05-19,515.6733,89.5700,58.1012,42.9005,17.6836,10677.2847,3174.2690,4898.4371
2021-05-20,515.6733,90.3662,58.9719,42.6574,17.5792,10763.3627,3191.8527,4907.6829
2021-05-21,521.1301,91.1624,59.3677,43.7512,17.7184,10777.5306,3208.9280,4920.4059
2021-05-24,516.5828,89.9681,58.2595,43.7512,17.5792,10886.8168,3220.6428,4928.8062
2021-05-25,530.2249,90.7643,57.9429,43.6905,17.6836,10887.3019,3257.8514,4984.8064
2021-05-26,532.0439,89.9681,57.6263,43.5082,17.7880,10834.1776,3229.9644,4942.0335
2021-05-27,529.3154,89.1719,56.9930,43.5082,17.6140,10780.4457,3199.3385,4916.8803
2021-05-28,536.5912,89.9681,57.6263,43.7512,17.6836,10846.1768,3208.0009,4956.6453
2021-06-01,543.8671,90.3662,58.6553,44.3589,18.0317,10731.2127,3176.0827,4895.2209
2021-06-02,541.1386,90.7643,58.9719,45.2704,18.1013,10773.5162,3190.9674,4930.7986
2021-06-03,542.0481,90.7643,58.6553,44.7235,18.0665,10718.8208,3174.6331,4827.6371
2021-06-04,541.1386,90.7643,58.2595,44.2981,18.0665,10848.1913,3227.4324,4893.8326
2021-06-07,538.4102,90.7643,57.7846,44.4804,18.0317,10803.2192,3207.2851,4897.8281
2021-06-08,535.6818,91.1624,58.1012,44.7842,18.0665,10839.5864,3240.0027,4898.0752
2021-06-09,532.9533,90.7643,58.0221,44.2981,17.8924,10809.3455,3264.3599,4882.3296
2021-06-10,544.7765,91.1624,57.8637,44.8450,17.9969,10935.4073,3306.8688,4937.5283
2021-06-11,547.5050,91.1624,58.2595,44.8450,17.9621,10865.9450,3275.1494,4842.9553
2021-06-15,553.8713,91.1624,58.2595,44.3589,17.9273,10901.5785,3255.4938,4810.1853
2021-06-16,550.2334,91.5604,58.6553,44.1158,17.8228,10811.0587,3243.8252,4715.9968
2021-06-17,553.4298,91.1624,57.9429,43.9335,17.8576,10853.2727,3306.3443,4590.3964
2021-06-18,550.6900,90.3662,58.3387,43.3259,17.7532,10709.5646,3369.3759,4566.0868
2021-06-21,532.4250,90.3662,57.4680,42.5359,17.7184,10900.5504,3324.4501,4638.0379
2021-06-22,527.8588,90.7643,57.3888,42.9613,17.6836,11024.5084,3352.5403,4646.2719
2021-06-23,543.3840,91.1624,58.0221,43.6297,18.0317,11012.3228,3344.2413,4643.6629
2021-06-24,538.8178,90.7643,58.1012,43.6905,18.0665,11110.9197,3359.7244,4654.8815
2021-06-25,539.7310,91.1624,58.1804,44.2981,18.2057,11099.2371,3309.5903,4648.8770
2021-06-28,538.8178,90.7643,58.4178,44.4804,18.2754,11105.5532,3338.7859,4641.8852
2021-06-29,543.3840,90.7643,58.1804,44.1158,18.2057,11091.6673,3338.3937,4584.9113
2021-06-30,543.3840,90.7643,57.9429,44.9058,18.3102,11124.9113,3360.4830,4617.0855
2021-07-01,541.5575,90.3662,57.5471,44.6019,18.1013,11163.2683,3353.6891,4623.3516
2021-07-02,536.9913,90.7643,58.1012,44.2981,18.1013,11273.2600,3381.3256,4663.8777
2021-07-06,540.6443,90.7643,58.4178,44.7842,18.2057,11288.9725,3431.9754,4702.1145
2021-07-07,542.4708,90.7643,58.4970,44.9665,18.2057,11299.7455,3453.4795,4707.8807
2021-07-08,536.9913,90.7643,58.6553,45.4527,18.2406,11201.5296,3465.1086,4702.2316
2021-07-09,533.3383,91.1624,58.4178,45.0881,18.2406,11352.9354,3425.9864,4731.1116
2021-07-12,541.5575,90.3662,57.7054,46.2426,18.2754,11389.9379,3420.4437,4723.7190
2021-07-13,554.3430,91.1624,58.4970,46.3034,18.2754,11354.4369,3395.2623,4731.2558
2021-07-14,559.8225,91.1624,57.9429,47.4579,18.3102,11395.7815,3441.2045,4792.4037
2021-07-15,560.7358,91.1624,58.1012,48.3086,18.3450,11335.5413,3472.6317,4784.2465
2021-07-16,537.9045,91.5604,57.8637,50.3747,18.4494,11211.6815,3455.3126,4723.1000
2021-07-19,531.5118,91.5604,57.9429,50.4354,18.3798,11082.6809,3542.7742,4744.3310
2021-07-20,530.5985,91.5604,57.3888,49.5240,18.3798,11283.8165,3521.8316,4756.0137
2021-07-21,534.2515,91.5604,57.5471,49.7063,18.3450,11343.4924,3467.5362,4725.1279
2021-07-22,539.7310,92.3566,58.1804,51.1039,18.4146,11352.0228,3495.6262,4728.0267
2021-07-23,534.2515,91.5604,57.9429,51.6508,18.5190,11482.7996,3476.4794,4718.9553
2021-07-26,529.6853,91.5604,57.3888,49.4462,18.4494,11520.2784,3468.9765,4711.5573
2021-07-27,529.6853,91.9585,58.0221,48.1234,18.4494,11479.6045,3509.6123,4724.2703
2021-07-28,528.7720,92.3566,57.4680,47.6195,18.4494,11465.3632,3506.9304,4744.1657
2021-07-29,532.4250,92.7547,58.1804,47.7455,18.5190,11461.6011,3471.9379,4775.4718
2021-07-30,529.6853,91.5604,57.9429,47.2415,18.4494,11383.8630,3481.5146,4728.6380
2021-08-02,538.8178,92.7547,59.1303,48.1864,18.7279,11392.2526,3522.5480,4736.2068
2021-08-03,542.4708,93.1528,59.3677,48.1234,18.7627,11483.6155,3524.0140,4732.3136
2021-08-04,544.2973,93.5509,59.7635,48.0604,18.7279,11398.2350,3522.3305,4721.4613
2021-08-05,544.2973,93.9490,59.6052,48.0604,18.7279,11414.5711,3487.3153,4679.9044
2021-08-06,539.7310,93.5509,59.5260,47.8714,18.6931,11438.2604,3430.5206,4564.8745
2021-08-09,543.3840,93.5509,59.0511,47.9344,18.7279,11468.4823,3430.0416,4499.4224
2021-08-10,539.7310,93.9490,59.3677,47.8714,18.7975,11467.6028,3409.6963,4494.8767
2021-08-11,538.8178,93.9490,58.8928,49.8871,18.7975,11512.8951,3412.5825,4563.4969
2021-08-12,535.1648,93.9490,57.7846,49.6351,18.7975,11532.9984,3402.7415,4558.9175
2021-08-13,530.5985,93.5509,55.2516,49.1942,18.7627,11556.0646,3457.1145,4625.0595
2021-08-16,533.3383,93.5509,55.4890,48.1864,18.5887,11588.0686,3466.9244,4650.0539
2021-08-17,529.6853,93.5509,55.4099,49.2572,18.7627,11504.5302,3463.2464,4640.0462
2021-08-18,524.2058,93.5509,55.4890,49.1312,18.7975,11423.5317,3488.5990,4661.9900
2021-08-19,510.5070,92.7547,54.6975,48.5013,18.7627,11417.7607,3507.0884,4638.7888
2021-08-20,504.1142,92.3566,54.5392,48.1864,18.6931,11581.2797,3531.5762,4670.6005
2021-08-23,516.8997,91.9585,55.0141,49.7611,18.7279,11663.5582,3523.3126,4719.5468
2021-08-24,522.3793,91.9585,55.8057,50.6429,19.0064,11652.9187,3487.1856,4705.5371
2021-08-25,534.2515,90.9711,55.8848,50.8949,19.0412,11673.9837,3457.2176,4671.5364
2021-08-26,542.4708,90.9711,55.2516,51.2098,19.0760,11601.6558,3465.7739,4675.4610
2021-08-27,547.0370,90.9711,55.8057,52.5956,19.2849,11718.6911,3493.3192,4751.1261
2021-08-30,552.5165,91.7981,56.6764,53.4144,19.3893,11751.8436,3496.9662,4720.2926
2021-08-31,560.7358,92.6251,57.2305,53.5404,20.0908,11673.8960,3455.2430,4705.3681
2021-09-01,559.8225,91.3846,56.5181,53.0365,19.6754,11612.4941,3440.9997,4678.4084
2021-09-02,554.3430,91.7981,56.6764,52.0917,19.8265,11691.6970,3468.9207,4683.4184
2021-09-03,566.2153,91.7981,56.9930,53.4144,19.8642,11669.8501,3431.7824,4725.8062
2021-09-07,568.9550,91.7981,55.9640,54.1136,19.8265,11588.7707,3391.3164,4617.5764
2021-09-08,565.3020,91.7981,56.1223,53.6286,19.8265,11599.0759,3421.6029,4615.7316
2021-09-09,565.3020,91.3846,55.2994,53.6286,19.8265,11582.7078,3472.9847,4649.5077
2021-09-10,568.0418,91.3846,56.2869,53.7672,19.8642,11474.3164,3437.2501,4619.1164
2021-09-13,561.6490,91.7981,56.8629,56.4001,19.8642,11512.3826,3460.7132,4638.0949
2021-09-14,559.8225,91.7981,57.1098,55.9844,19.9020,11445.6606,3501.2623,4666.0838
2021-09-15,554.3430,91.7981,57.1098,56.4001,19.8642,11539.6725,3488.5019,4638.0827
2021-09-16,550.4440,92.2116,56.8629,55.9151,19.9020,11511.8354,3469.6398,4529.3111
2021-09-17,550.4440,91.7981,57.2744,54.5986,19.8265,11432.8485,3463.0130,4535.2829
2021-09-22,537.6003,91.7981,56.3692,53.4207,19.5621,11351.6402,3527.0936,4585.2106
2021-09-23,539.4352,91.7981,56.6160,53.6286,19.8265,11483.4700,3445.5632,4529.8644
2021-09-24,548.6092,92.2116,56.8629,53.6979,19.8642,11494.5375,3409.5613,4520.9605
2021-09-27,552.2789,91.7981,57.1921,53.8365,19.9398,11479.0403,3402.1842,4537.2461
2021-09-28,544.9396,91.7981,56.5337,53.6979,19.9398,11218.1850,3340.3928,4481.3631
2021-09-29,532.0959,92.2116,56.4515,53.1436,19.9020,11271.1579,3356.3408,4474.7105
2021-09-30,532.0959,91.3846,56.2046,53.1436,19.8642,11163.2211,3364.8664,4567.3525
2021-10-01,526.5915,91.3846,55.2171,52.2429,19.7132,11305.7166,3396.1361,4581.6258
2021-10-04,524.7566,91.7981,55.5463,51.5500,19.6376,11126.8019,3377.4379,4589.4014
2021-10-05,524.7566,91.3846,54.8879,51.1343,19.5621,11294.5479,3360.2868,4589.1476
2021-10-06,523.8392,91.7981,55.3817,51.7578,19.6754,11336.8934,3377.8735,4599.5511
2021-10-07,532.0959,92.2116,55.9577,52.3121,19.8265,11467.7312,3352.1432,4588.4363
2021-10-08,527.5089,92.2116,55.9577,52.1736,19.6376,11453.9825,3330.7669,4593.2667
2021-10-12,527.5089,92.2116,55.2994,51.8271,19.7509,11373.2830,3388.1273,4617.5604
2021-10-13,523.8392,92.2116,55.2994,51.6193,19.7509,11449.0806,3431.5353,4714.0888
2021-10-14,525.6741,91.3846,55.7108,51.5500,19.7132,11588.1881,3428.4652,4703.9160
2021-10-15,550.4440,91.7981,56.0400,52.0350,19.7887,11672.0227,3407.1981,4627.4048
2021-10-18,541.2700,91.7981,56.0400,52.0350,19.7887,11711.2213,3424.5312,4617.7599
2021-10-19,550.4440,92.2116,55.7931,51.8271,19.8265,11780.1620,3371.1637,4624.1950
2021-10-20,548.6092,91.7981,55.4640,51.4807,19.8642,11774.4268,3333.6846,4644.2092
2021-10-21,546.7744,91.3846,55.1348,51.8271,20.0153,11796.5223,3327.2851,4636.6505
2021-10-22,550.4440,92.2116,55.3817,51.3421,19.9775,11789.5973,3365.4409,4667.1100
2021-10-25,544.0222,91.7981,55.2171,51.8271,19.9020,11860.7061,3362.5383,4702.5042
2021-10-26,549.5266,91.3846,55.3817,52.3121,20.1286,11858.2454,3386.5895,4662.5434
2021-10-27,549.5266,91.3846,55.2994,51.9657,20.2041,11801.5096,3446.9809,4673.1140
2021-10-28,545.8570,90.9711,55.2994,51.6193,20.0908,11900.8897,3431.1379,4666.3212
2021-10-29,541.2700,91.3846,54.8056,50.9957,20.0531,11908.2026,3436.7656,4620.0879
2021-11-01,541.2700,91.7981,55.0525,50.6492,20.1286,11968.8737,3423.5148,4659.8537
2021-11-02,543.1048,91.3846,55.4640,50.3028,20.1663,12010.5256,3436.7824,4647.2319
2021-11-03,543.1048,91.3846,55.5463,50.3721,20.1663,12108.7995,3408.2903,4618.1036
2021-11-04,538.5178,91.7981,54.9702,50.2335,20.1663,12135.7323,3435.5818,4658.9094
2021-11-05,550.4440,91.7981,55.2171,50.2335,20.2419,12214.9123,3497.5800,4734.1370
2021-11-08,552.2789,92.2116,55.4640,50.9957,20.3174,12206.0404,3485.5097,4743.6403
2021-11-09,560.5355,92.2116,55.3817,50.6492,20.3929,12153.0649,3527.2186,4762.0675
2021-11-10,561.4529,92.6251,55.3817,50.5799,20.6573,12024.9817,3454.0237,4801.6745
2021-11-11,555.9485,93.0386,55.2994,50.5799,20.9594,12040.8868,3452.3415,4833.3971
2021-11-12,554.1137,93.0386,55.3817,50.7878,20.8461,12150.4207,3442.4655,4850.0066
2021-11-15,557.7833,93.4521,55.9577,51.2728,21.1105,12145.6640,3396.7440,4838.9466
2021-11-16,559.6181,94.2791,56.4515,51.2728,21.0727,12181.0923,3384.5920,4798.9623
2021-11-17,559.6181,94.6926,56.2869,52.7279,21.1105,12172.6067,3417.3400,4851.2220
2021-11-18,562.3703,95.1061,56.3692,52.9357,21.1105,12187.5896,3422.7886,4825.2174
2021-11-19,566.9574,93.4521,56.1223,51.8271,20.8839,12194.6085,3467.1171,4799.6628
2021-11-22,564.2051,93.0386,55.5463,51.5500,20.7706,12154.4160,3424.8023,4689.7908
2021-11-23,561.4529,93.8656,55.2171,51.4807,20.6951,12160.2439,3372.4306,4645.2820
2021-11-24,553.1963,93.8656,55.5463,51.5500,21.1482,12184.7608,3424.3422,4637.8138
2021-11-26,546.7744,93.4521,55.4640,51.4114,20.8461,11918.7143,3512.5538,4632.5404
2021-11-29,544.0222,93.0386,55.3817,50.9264,20.5440,12103.6777,3495.5126,4641.0168
2021-11-30,546.7744,92.6251,53.8182,50.6492,20.3552,11822.0217,3534.8538,4591.8968
2021-12-01,550.4440,93.4521,55.2171,51.3421,20.8083,11620.3894,3535.2651,4582.4767
2021-12-02,564.2051,94.2791,55.7108,51.0650,20.9216,11809.4077,3542.9863,4561.3677
2021-12-03,557.7833,93.8656,55.5463,51.2035,21.0349,11738.1160,3594.9008,4612.1018
2021-12-06,550.4440,94.2791,55.3817,51.3421,21.0727,11867.9106,3542.7693,4597.1798
2021-12-07,556.8659,94.2791,56.3692,52.1736,21.1482,12114.2724,3514.3980,4613.8312
2021-12-08,552.2789,94.2791,56.2869,52.6586,21.1482,12182.9727,3464.0663,4630.2397
2021-12-09,557.7833,94.6926,56.6983,52.6586,21.1482,12051.9118,3469.3908,4583.3805
2021-12-10,555.0311,94.2791,56.6983,52.5893,21.1105,12189.5343,3467.8967,4611.8673
2021-12-13,551.3614,93.8656,56.2869,52.4507,21.0349,12059.9107,3512.8455,4615.2119
2021-12-14,549.5266,94.2791,56.6160,51.8964,20.9594,12024.5653,3518.4115,4590.2816
2021-12-15,550.4440,94.2791,56.2869,51.6886,20.9216,12229.3090,3489.3670,4616.3448
2021-12-16,557.5867,94.6926,56.3692,51.8964,21.0349,12102.0487,3485.1330,4664.7081
2021-12-17,559.4299,95.1061,55.8754,51.4807,21.1482,11981.0172,3526.9130,4657.7421
2021-12-20,551.1353,95.1061,55.6285,51.3421,20.9972,11883.2971,3509.2544,4649.6467
2021-12-21,550.2136,95.5196,55.8754,51.8271,21.1105,12089.2059,3494.4090,4645.7281
2021-12-22,552.9785,95.5196,56.1223,51.5500,21.0727,12172.6818,3499.8253,4675.0343
2021-12-23,558.5083,95.5196,56.2046,51.8271,21.0727,12239.9408,3467.0548,4682.3278
2021-12-27,558.5083,95.9331,56.2869,52.1043,21.1105,12398.9623,3471.4827,4688.0430
2021-12-28,566.8030,95.9331,56.5337,52.5893,21.1482,12390.7971,3458.2744,4668.5792
2021-12-29,567.7246,96.3466,57.1098,53.0743,21.1860,12340.0075,3402.1216,4642.1255
2021-12-30,566.8030,96.3466,56.4515,52.8664,21.1860,12342.7204,3440.9191,4689.4345
2022-01-03,581.5491,95.5196,56.2869,52.1736,21.1482,12420.8762,3367.4618,4663.0947
2022-01-04,604.5899,95.5196,56.6160,52.1736,21.2238,12382.0217,3344.0881,4684.3207
2022-01-05,599.0601,95.5196,56.6983,52.4507,21.2993,12096.2561,3312.7904,4651.7702
2022-01-06,593.5303,95.5196,56.2869,52.5893,21.5636,12120.4248,3331.1312,4608.3229
2022-01-07,584.3140,95.5196,55.9577,52.4507,21.8658,12082.8291,3310.0151,4633.2551
2022-01-10,592.6087,96.3466,56.5337,52.9357,21.8658,12084.3974,3322.7233,4653.7351
2022-01-11,599.9817,96.3466,56.5337,55.3608,22.1301,12168.4070,3337.7108,4699.8165
2022-01-12,608.2764,96.7602,57.0275,55.4301,22.2056,12213.7261,3328.3085,4717.0343
2022-01-13,609.1980,97.1737,57.4389,56.5387,22.5833,12033.0571,3354.4146,4696.1779
2022-01-14,619.3359,97.1737,57.0275,55.7072,22.2812,12023.7579,3299.8291,4677.1232
2022-01-18,610.1196,97.1737,56.2046,55.0144,22.0546,11749.8563,3236.5908,4645.3006
2022-01-19,602.7466,96.7602,56.2046,54.5986,21.9035,11667.0700,3269.9914,4734.9876
2022-01-20,599.9817,96.3466,56.2046,54.2522,21.8658,11551.1042,3293.9123,4728.5453
2022-01-21,590.7654,96.7602,55.7931,53.1436,21.7902,11352.3424,3341.3709,4724.7700
2022-01-24,601.8250,96.7602,56.0400,53.0050,21.7902,11431.7223,3322.9785,4763.7171
2022-01-25,590.7654,96.7602,55.6285,52.3121,21.7902,11281.0208,3314.3449,4774.2360
2022-01-26,586.1572,97.1737,55.6285,52.3814,21.9035,11266.5892,3278.2960,4702.8432
2022-02-07,585.2356,98.0007,55.1348,53.4207,22.6211,11670.2468,3262.1182,4729.0579
2022-02-08,578.7842,97.5872,55.7931,53.2129,22.7343,11777.2722,3243.3399,4747.9506
2022-02-09,583.3923,98.0007,56.2869,53.4207,22.9232,11940.7146,3247.0145,4760.5286
2022-02-10,598.1384,98.8277,56.6160,53.6286,22.8854,11715.8594,3192.5952,4738.2762
2022-02-11,599.0601,98.8277,56.6160,53.5593,22.9609,11503.7303,3245.2631,4836.5066
2022-02-14,587.0789,99.2412,56.0400,52.7279,22.9232,11498.9208,3214.0566,4876.2946
2022-02-15,583.3923,99.2412,55.8754,53.0743,22.8476,11665.8539,3172.5347,4822.3203
2022-02-16,595.3735,100.0682,56.2869,53.9058,23.1498,11661.7024,3186.6305,4864.7276
2022-02-17,594.4519,100.4817,56.3692,54.1829,23.0365,11408.5305,3209.1922,4929.4644
2022-02-18,587.0789,100.8952,55.6285,53.9058,22.9232,11345.2156,3245.9954,4930.4362
2022-02-22,577.8626,102.1357,55.6285,53.0050,22.6588,11213.6658,3251.6077,4936.4232
2022-02-23,576.0193,103.7897,55.9577,53.0050,22.6588,11024.6512,3209.6791,4963.1299
2022-02-24,556.6650,102.9627,54.9702,52.5893,22.3567,11204.7530,3215.8648,4937.3700
2022-02-25,556.6650,102.9627,55.2171,52.0350,22.2434,11531.8888,3240.6720,4955.2642
2022-03-01,556.6650,102.9627,55.5463,52.7972,22.5078,11290.2315,3339.0606,5080.9282
2022-03-02,553.9002,102.1357,55.9577,52.3814,22.5833,11527.1931,3233.1305,5040.8514
2022-03-03,554.8218,101.3087,55.9577,52.3814,22.6211,11438.6024,3257.1752,5057.0667
2022-03-04,548.3704,101.7222,55.2994,51.5500,22.4322,11378.1188,3322.8839,5152.3158
2022-03-07,530.8594,100.0682,54.4765,49.6792,22.0546,11072.4227,3306.4072,5242.9677
2022-03-08,518.8782,100.8952,53.8182,48.9170,21.8658,11047.0380,3290.5904,5415.1174
2022-03-09,523.4863,101.3087,53.5713,49.6792,21.7525,11354.2508,3261.5138,5259.3380
2022-03-10,540.9973,101.7222,54.3119,51.1343,22.5833,11288.8414,3210.6344,5269.1550
2022-03-11,529.9378,101.3087,54.5588,50.3721,22.6211,11158.1984,3225.1051,5238.1763
2022-03-14,527.1729,101.7222,53.9004,50.3721,22.6966,11119.8196,3162.0799,5179.3253
2022-03-15,514.2700,103.3762,53.7359,50.3721,22.7343,11404.3494,3167.6693,5100.3327
2022-03-16,516.8171,104.2032,53.7359,50.6492,23.0365,11660.4624,3199.6247,5133.6870
2022-03-17,539.0458,103.7897,53.9004,51.8271,23.3386,11748.4287,3160.1958,5133.4772
2022-03-18,538.1196,104.6167,53.9004,51.4807,23.4519,11792.9855,3176.1345,5052.3154
2022-03-21,542.7505,104.6167,54.0650,51.4807,23.5274,11864.0104,3122.1856,5123.0786
2022-03-22,539.9720,104.6167,53.9004,51.4807,23.7162,12025.6925,3088.0544,5095.6176
2022-03-23,546.4553,104.6167,54.2296,52.5893,23.9428,11894.8051,3162.1043,5175.6579
2022-03-24,547.3815,105.0303,53.9827,52.3121,24.0183,12113.2593,3147.5087,5230.1380
2022-03-25,553.8649,105.8573,53.9004,51.9657,24.0183,12211.5428,3113.8200,5225.4608
2022-03-28,540.8981,105.8573,53.9004,52.0350,24.2449,12305.9165,3142.3611,5133.4712
2022-03-29,545.5291,105.0303,53.9827,52.1043,24.3960,12507.9938,3178.7611,5156.3122
2022-03-30,555.7173,105.0303,54.0650,52.7279,24.8114,12363.6460,3186.2650,5169.6984
2022-03-31,552.9387,105.0303,53.9827,53.0050,24.9625,12129.6828,3182.5449,5153.1495
2022-04-01,545.5291,105.0303,54.3942,53.4207,24.9247,12202.4809,3204.7505,5136.5181
2022-04-06,535.3410,105.0303,54.2296,53.6979,25.7178,12045.8192,3089.4444,5147.8340
2022-04-07,524.2266,105.0303,53.9004,52.6586,25.4912,12137.0228,3073.8984,5180.3387
2022-04-08,525.1528,105.8573,54.3119,52.8664,26.3220,12135.4558,3048.3650,5226.1002
2022-04-11,516.8171,107.5113,53.9004,53.0050,26.6996,11966.2649,3009.7408,5268.8517
2022-04-12,515.8909,106.2708,54.0650,52.5200,26.5486,11979.6970,3020.1509,5335.0270
2022-04-13,530.7100,106.2708,54.3119,52.9357,26.6241,12119.8275,3027.0203,5361.8665
2022-04-14,530.7100,107.5113,54.5588,52.3814,25.1890,11898.3085,2948.8428,5312.6271
2022-04-18,519.5957,107.5113,55.1348,51.2035,24.3205,12003.9397,2959.0228,5374.1817
2022-04-19,523.3004,107.0978,54.9702,50.9264,24.2827,12240.8722,2947.2487,5311.6898
2022-04-20,527.9314,108.3383,55.3817,51.8964,24.5470,12248.4166,3010.6495,5344.9438
2022-04-21,523.3004,108.3383,55.5463,51.6886,24.3205,12028.0560,2979.1621,5309.5067
2022-04-22,516.8171,108.7518,55.4640,52.5893,24.9247,11748.3587,2973.1514,5280.5135
2022-04-25,506.6289,108.7518,55.6285,51.8271,24.5093,11825.3474,3005.1404,5189.5128
2022-04-26,505.7027,109.1653,56.1223,52.0350,25.2646,11436.9201,3023.2464,5176.6272
2022-04-27,487.1788,109.1653,55.3817,50.7185,25.0758,11511.1161,2995.4081,5156.3369
2022-04-28,491.8098,108.7518,56.2046,50.8571,25.1513,11831.6871,3007.4465,5197.2656
2022-04-29,498.2932,108.3383,56.2869,51.5500,25.5667,11424.6939,2976.3134,5210.4772
2022-05-03,491.8098,105.4438,56.4515,51.0650,24.6981,11558.6561,2947.6297,5132.9739
2022-05-04,494.5884,102.5492,56.1223,51.6886,24.4715,11885.4061,2957.5877,5172.4053
2022-05-05,501.9979,103.3762,55.9577,51.6193,24.2449,11392.0165,2858.7503,5120.8013
2022-05-06,489.0312,104.6167,55.3817,49.4021,24.0183,11466.0343,2851.9508,5193.6074
2022-05-09,481.6216,103.3762,54.7234,46.9770,23.1875,11115.1558,2881.2474,5125.8921
2022-05-10,479.7692,102.9627,55.0525,46.4920,22.9232,11178.7855,2917.2824,5099.9163
2022-05-11,482.5478,103.3762,54.5588,45.8684,23.1498,10960.7841,2962.5809,5122.6789
2022-05-12,467.7287,102.5492,53.7359,43.8591,22.2812,10966.8135,2961.7744,5052.1769
2022-05-13,473.2859,102.5492,53.6536,43.9976,22.2434,11279.1208,2931.0195,5033.5709
2022-05-16,481.6216,102.5492,53.0775,43.2355,21.9791,11218.4743,2924.1072,5074.8525
2022-05-17,490.8836,102.1357,52.8307,42.6812,21.6014,11422.2936,2881.9750,5031.1162
2022-05-18,498.2932,103.3762,53.5713,44.1362,22.3567,10922.6982,2932.9012,5015.8147
2022-05-19,483.4740,102.9627,53.0775,42.6812,21.7147,10905.0837,2953.2723,5112.6379
2022-05-20,490.8836,102.9627,53.1598,42.8197,21.8280,10858.5977,2972.7617,5092.1740
2022-05-23,489.0312,102.1357,53.5713,41.9190,22.2434,11103.8035,2934.9600,5135.2977
2022-05-24,481.6216,102.5492,52.9952,41.6418,22.2434,10936.3396,2970.4106,5135.0938
2022-05-25,485.3264,103.3762,53.4067,41.2261,22.3189,11048.5626,2986.3745,5111.3467
2022-05-26,476.0645,105.4438,53.4067,41.3647,21.7525,11222.8857,2960.6086,5080.8714
2022-05-27,490.8836,103.7897,53.4890,42.4733,22.2056,11460.4767,2958.0474,5066.7522
2022-05-31,518.6695,105.0303,55.4640,44.4134,23.1120,11208.7813,2847.8388,4934.1372
2022-06-01,508.4813,103.3762,53.9827,44.0669,22.5078,11180.0139,2860.4186,4993.2061
2022-06-02,500.1455,103.3762,53.5713,44.1362,22.3189,11446.6778,2875.3996,5078.5192
2022-06-06,500.1455,104.2032,53.6536,44.3441,22.3567,11383.3183,2838.7973,5044.8072
2022-06-07,495.5146,103.7897,53.3244,43.9283,22.1679,11500.4566,2871.4410,5081.2021
2022-06-08,503.8503,104.6167,53.7359,44.2055,22.2812,11384.5972,2848.2945,5080.5960
2022-06-09,501.0717,104.2032,53.4067,43.9283,22.0168,11126.6143,2861.0650,5070.2445
2022-06-10,490.8836,103.3762,53.1598,43.5819,22.0168,10857.9028,2857.5090,5163.8877
2022-06-13,477.9169,103.3762,52.9952,42.8197,21.8280,10465.5248,2773.1103,5037.0649
2022-06-14,475.1383,102.9627,52.6661,42.9583,22.2434,10450.4277,2742.4452,5004.6243
2022-06-15,471.4335,103.3762,52.7484,42.8197,22.0168,10559.7849,2783.1638,5050.9839
2022-06-16,473.0631,102.5492,52.8307,42.8890,22.2812,10150.6811,2788.8823,5077.9496
2022-06-17,466.5445,103.3762,52.3369,42.1269,21.9791,10273.2325,2825.5562,5086.0339
2022-06-21,470.2695,104.6167,53.2421,43.7898,22.2812,10534.3280,2778.3116,5068.2229
2022-06-22,460.4916,103.7897,52.6661,42.7505,21.8658,10522.6655,2856.7352,5092.0185
2022-06-23,452.1105,105.0303,54.3119,42.3347,22.2056,10607.1173,2875.1348,5051.9034
2022-06-24,453.0418,106.6843,54.6411,42.8890,22.3945,10922.7451,2829.7367,5036.8921
2022-06-27,464.2165,106.2708,54.8056,42.8890,22.4322,10910.7490,2813.2666,5045.0105
2022-06-28,463.2853,106.6843,55.2171,42.6812,22.4322,10592.7901,2801.2474,4991.9165
2022-06-29,457.2323,107.9248,55.0525,42.1269,22.2056,10670.8361,2868.2660,5028.9379
2022-06-30,443.2639,104.5882,55.1348,41.4340,21.9035,10582.0041,2892.8706,4997.3663
2022-07-01,422.3113,106.3028,55.8754,40.3947,21.9791,10690.5697,2921.6546,4991.6478
2022-07-05,415.3271,108.8747,56.5337,41.7804,21.9413,10723.1488,2948.0160,4891.4276
2022-07-06,405.5492,109.7319,57.2744,40.3254,21.6014,10792.2340,2907.3709,4828.6428
2022-07-07,426.0362,109.3033,58.0973,41.0183,21.6014,10956.5542,2882.4913,4832.5071
2022-07-08,434.8828,106.7314,56.6160,40.8104,21.3748,10934.3125,2847.1200,4828.7498
2022-07-11,430.2267,106.3028,57.0275,40.3254,20.4307,10809.4027,2896.2179,4802.8653
2022-07-12,418.5864,105.0169,57.1921,38.6625,20.0153,10753.7956,2924.3158,4802.8984
2022-07-13,438.1421,106.3028,56.4515,40.6718,20.4685,10697.9623,2958.0258,4826.1841
2022-07-14,442.3327,105.4455,56.8629,40.3947,20.6951,10636.6062,2924.1657,4742.6170
2022-07-15,458.6291,105.4455,56.3692,39.7018,20.5440,10895.4283,2955.7078,4757.3722
2022-07-18,461.4228,105.4455,55.8754,41.2954,21.1482,10802.6849,2924.1614,4760.6348
2022-07-19,457.2323,104.1596,55.5463,40.6025,21.0349,11060.8128,2899.5395,4757.4826
2022-07-20,460.9572,102.8737,55.7931,40.2561,21.0349,11118.6123,2903.8329,4707.3791
2022-07-21,466.5445,102.4450,55.8754,40.4640,21.4881,11267.5449,2963.3920,4788.9798
2022-07-22,468.4070,101.5878,57.2744,40.4640,21.9413,11162.8546,3013.1704,4800.8678
2022-07-25,465.1477,102.8737,57.6035,41.0183,22.0168,11146.7538,2975.7681,4775.0142
2022-07-26,460.9572,102.8737,58.0150,41.0183,22.0546,11024.8565,2980.7472,4773.6728
2022-07-27,467.4758,104.1596,57.9327,40.7237,22.1679,11346.1350,2973.1723,4837.2148
2022-07-28,466.5445,104.1596,57.5212,41.4601,22.8120,11465.0210,2990.7332,4886.1759
2022-07-29,473.9944,104.1596,57.9327,41.3128,22.6883,11653.8630,2988.1683,4909.0518
2022-08-01,469.3382,104.5882,57.6035,41.6810,22.4408,11653.1450,3069.0345,4951.2302
2022-08-02,458.1635,105.0169,55.8754,41.6810,22.5645,11640.3172,3020.7162,4949.0604
2022-08-03,466.5445,104.1596,56.3692,41.6810,22.4408,11743.5528,3047.7625,4927.9578
2022-08-04,465.6133,103.3023,55.7695,41.2392,22.5233,11726.1022,3044.2700,5005.4040
2022-08-05,480.5129,104.5882,56.3692,41.9756,22.7295,11710.0773,2972.7693,4950.7163
2022-08-08,476.7880,105.0169,56.5405,42.7857,22.7708,11693.8669,3020.0777,4991.5321
2022-08-09,474.9256,105.0169,56.7118,42.6384,23.1833,11669.0949,3013.9351,5016.1169
2022-08-10,465.6133,105.0169,56.1978,42.8593,23.2246,11925.0344,2996.9743,5008.0698
2022-08-11,478.6505,107.1601,56.5405,44.1112,23.5133,11878.3321,2915.6525,4975.2959
2022-08-12,481.4442,107.1601,56.4548,44.1848,23.4721,12095.1304,2949.0501,5027.5890
2022-08-15,487.0315,106.7314,56.2835,44.2585,23.3896,12142.4168,2945.8778,4961.8549
2022-08-16,488.8940,105.8742,56.3692,44.1848,23.3483,12182.3295,2962.0484,4959.7382
2022-08-17,490.7564,105.4455,56.5405,44.5530,23.3071,12080.1676,2927.3299,4921.2637
2022-08-18,484.2379,105.0169,56.4548,44.1848,23.1421,12111.9988,2930.8747,4907.0598
2022-08-19,483.3066,104.1596,56.3692,44.1848,23.1421,11964.4063,2887.3416,4877.3204
2022-08-22,474.9256,105.4455,56.7118,43.3011,22.9358,11765.4245,2889.9520,4865.6871
2022-08-23,469.3382,105.0169,56.4548,42.8593,22.7295,11748.5393,2876.8836,4904.5370
2022-08-24,468.4070,104.5882,56.3692,42.9329,22.8120,11801.1307,2859.4576,4925.2525
2022-08-25,473.0631,104.5882,56.6262,42.9329,22.9358,11981.6168,2902.6723,4946.0687
2022-08-26,476.7880,104.5882,56.8832,43.0802,23.1008,11569.5334,2922.9044,4883.2107
2022-08-29,464.2165,105.4455,56.5405,42.4174,22.8533,11528.4410,2907.6529,4901.2827
2022-08-30,461.8884,105.0169,56.1978,42.1965,22.8120,11434.6419,2923.2529,4874.3675
2022-08-31,470.2695,103.7310,56.5405,42.2702,23.2658,11373.3075,2901.8545,4847.6535
2022-09-01,456.7667,103.7310,56.2835,42.0492,22.8120,11370.0113,2838.9917,4788.6233
2022-09-02,451.6449,103.7310,56.1122,41.6810,22.7708,11330.0487,2875.3366,4865.1063
2022-09-06,455.3698,104.1596,56.8832,41.9020,22.9358,11338.2151,2816.7673,4858.5146
2022-09-07,440.0046,103.3023,56.9688,41.3128,22.5233,11584.2937,2871.8249,4925.9442
2022-09-08,442.3327,103.7310,57.3115,41.6074,22.6883,11678.6004,2846.8982,4904.1830
2022-09-12,453.0418,103.7310,57.5685,42.1965,22.8945,11988.3536,2829.9773,4955.4357
2022-09-13,459.0947,103.7310,58.0825,42.4911,22.8945,11479.3357,2839.5972,4896.1905
2022-09-14,446.9888,102.4450,57.3972,41.7547,22.6058,11611.0871,2871.1023,4914.5761
2022-09-15,446.2863,102.0164,57.3115,41.8283,22.7295,11460.9273,2864.6589,4815.0735
2022-09-16,442.0717,101.1591,56.2835,41.6074,22.6058,11429.5026,2854.7695,4865.6364
2022-09-19,437.3887,101.1591,55.8552,41.8283,22.6058,11532.5232,2865.0099,4875.4657
2022-09-20,446.2863,101.1591,56.1122,41.9020,22.6058,11422.3932,2841.9802,4857.1028
2022-09-21,441.1351,100.7305,56.2835,41.6074,22.5233,11229.2332,2891.1596,4882.3027
2022-09-22,435.0472,99.4446,55.9408,42.0640,22.1108,11174.3509,2827.2743,4896.7650
2022-09-23,426.1496,98.5873,56.1122,41.6000,22.0695,11017.9744,2846.7928,4825.6750
2022-09-26,418.1886,99.8732,56.5405,40.9041,21.7395,10996.3826,2814.7628,4807.7528
2022-09-27,419.5935,99.4446,56.4548,40.1309,21.5745,10979.3545,2743.4052,4822.4572
2022-09-28,410.2275,99.8732,57.0545,38.7391,21.5332,11143.3223,2822.0742,4899.8057
2022-09-29,407.4178,99.4446,57.8255,38.8937,21.5332,10909.1699,2807.1130,4898.2369
2022-09-30,395.2420,97.7300,57.6542,38.5844,21.2445,10726.7399,2767.3281,4892.2895
2022-10-03,390.5591,95.5868,56.8832,37.8112,20.9145,11069.9838,2826.6306,5038.5490
2022-10-04,401.7982,96.0154,56.2835,38.2365,20.8732,11406.0789,2817.0250,5107.6406
2022-10-05,416.7837,95.5868,56.7975,39.1257,20.8320,11323.7787,2776.4221,5054.4706
2022-10-06,422.4032,94.7295,56.5405,39.2030,20.9970,11169.9370,2751.8675,5032.0965
2022-10-07,410.2275,94.7295,56.2835,39.2030,20.8732,10863.7021,2726.4935,4979.3774
2022-10-11,376.0419,93.4436,56.3692,38.2751,20.1307,10798.6847,2717.6812,4932.9711
2022-10-12,372.2955,94.3009,57.3115,38.3524,20.2957,10774.0684,2733.8079,4964.4288
2022-10-13,369.9541,93.4436,56.8832,37.2313,19.5944,11040.6513,2703.3071,4922.1415
2022-10-14,385.8761,93.4436,56.6262,37.4632,19.4294,10814.3124,2687.2830,4872.1988
2022-10-17,371.8272,93.4436,56.4548,37.6565,19.0582,11131.7019,2683.7177,4903.6100
2022-10-18,381.1932,93.0150,55.9408,39.0484,18.9757,11271.6576,2692.1979,4918.1551
2022-10-19,370.4223,92.1577,55.9408,38.9710,18.5631,11201.9258,2645.5804,4856.6585
2022-10-20,372.2955,91.7290,55.4268,38.6231,18.6044,11154.8308,2611.3249,4869.4204
2022-10-21,364.8028,92.5863,54.9128,38.3911,18.9344,11405.3001,2559.6355,4947.2902
2022-10-24,362.4613,92.1577,55.7695,38.5071,18.8519,11575.7976,2545.2840,4944.4569
2022-10-25,347.4758,94.7295,56.1122,38.6231,18.8107,11808.6288,2630.0707,4975.9399
2022-10-26,352.1588,93.0150,56.1978,38.9710,19.1407,11689.0868,2661.0034,4994.5405
2022-10-27,361.0564,93.8722,56.3692,39.5123,19.0582,11531.3858,2666.8306,4945.9393
2022-10-28,355.4369,93.4436,56.3692,39.8216,19.0994,11835.3108,2655.1353,4907.7059
2022-10-31,365.2711,95.1582,56.1122,39.4350,19.1407,11775.8557,2642.0509,4878.4376
2022-11-01,366.6760,93.8722,56.6262,40.2082,19.3057,11773.1404,2677.8441,4948.7322
2022-11-02,369.9541,93.0150,56.4548,40.1309,19.1819,11433.6512,2655.9952,4895.3764
2022-11-03,359.6515,93.0150,56.1978,39.9762,19.0169,11359.4235,2651.8157,4895.4931
2022-11-04,357.7783,93.0150,56.1122,39.8216,19.0169,11488.0831,2599.3813,5030.5108
2022-11-07,365.2711,92.5863,56.3692,40.8268,19.3882,11543.4979,2561.3614,4987.0444
2022-11-08,373.7004,93.0150,56.1122,41.1361,19.3882,11551.7399,2577.3129,5078.4825
2022-11-09,390.5591,93.4436,55.9408,41.5227,19.3469,11292.3672,2580.8973,5043.4517
2022-11-10,381.6615,93.0150,55.5982,40.8268,19.1407,11958.7223,2690.4973,5216.9737
2022-11-11,413.5056,93.8722,56.0265,42.9145,19.8007,11881.4981,2637.7977,5167.5131
2022-11-14,416.7837,93.8722,56.6262,43.5331,19.8419,11665.8540,2605.7393,5128.4511
2022-11-15,449.5644,93.4436,56.5405,43.6104,19.9657,11686.8062,2630.2236,5112.1295
2022-11-16,456.1206,93.0150,55.2555,42.9145,19.8007,11668.9905,2704.2757,5131.7644
2022-11-17,454.2474,92.5863,54.9128,42.9145,19.5944,11616.8149,2671.9503,5087.2571
2022-11-18,456.1206,93.4436,54.9128,42.7599,19.5532,11665.7985,2652.7198,5050.5595
2022-11-21,451.4376,93.4436,54.9985,42.9145,19.5944,11655.7143,2671.3107,5036.2973
2022-11-22,459.8669,93.0150,54.6558,43.2238,19.5944,11820.0451,2710.9365,5045.4015
2022-11-23,460.8035,93.4436,54.8272,44.1517,19.8007,11885.4359,2756.1124,5072.9623
2022-11-25,466.4231,96.4441,56.2835,44.7703,19.9244,11808.5925,2729.6211,5045.6199
2022-11-28,450.0327,94.7295,55.9408,44.7703,19.8832,11625.9887,2738.6866,5008.2517
2022-11-29,456.1206,96.0154,56.3692,46.0848,20.2132,11635.1421,2713.3640,5045.6225
2022-11-30,458.9303,97.3014,56.6262,47.0127,20.4607,11978.3928,2728.0209,5100.2100
2022-12-01,466.8914,95.5868,56.4548,46.7034,20.2957,11904.5956,2799.8871,5165.7794
2022-12-02,461.2718,96.0154,55.6838,46.4714,19.9244,11817.3807,2817.5771,5116.1151
2022-12-05,457.9937,96.4441,56.0265,45.7755,20.0069,11585.8999,2773.5881,5020.1418
2022-12-06,447.6912,96.0154,55.3412,45.1569,19.9657,11428.2413,2811.6129,5038.0048
2022-12-07,444.8815,96.4441,55.8552,45.0023,20.1307,11435.1147,2884.4992,5095.2700
2022-12-08,441.6034,95.1582,55.6838,44.0744,20.3370,11526.0162,2876.9227,5100.1413
2022-12-09,450.9693,96.0154,56.5405,44.4610,20.3370,11374.9414,2786.1670,5089.1486
2022-12-12,444.8815,96.4441,56.3692,44.4610,20.2545,11626.3211,2816.2431,5085.3321
2022-12-13,441.6034,95.1582,56.0265,44.5383,19.9657,11709.1034,2842.1681,5169.8867
2022-12-14,450.0327,95.5868,56.5405,44.4610,20.3370,11604.2833,2846.9562,5144.0283
2022-12-15,452.6232,96.0154,56.1122,44.3063,20.2957,11277.2525,2847.1663,5040.5793
2022-12-16,443.6743,94.7295,55.9408,43.3785,20.0069,11263.1760,2845.4409,5138.7996
2022-12-19,439.4354,95.5868,55.9408,43.7651,20.0482,11153.4589,2794.0641,5117.7996
2022-12-20,430.9575,95.5868,56.1978,43.4558,19.8007,11174.1286,2745.7783,5205.2462
2022-12-21,432.3705,95.5868,56.0265,43.4558,19.8832,11318.4817,2747.1629,5186.2115
2022-12-22,440.8484,96.8727,56.4548,43.9197,20.0894,11140.6670,2742.6096,5116.0300
2022-12-23,428.6026,96.4441,56.4548,43.8424,19.8832,11227.0307,2707.7755,5141.5722
2022-12-27,430.4866,96.8727,56.7118,44.1517,20.0482,11175.1180,2652.4211,5181.3737
2022-12-28,424.8346,97.7300,56.7118,43.8424,19.8419,11037.3492,2637.0607,5158.5478
2022-12-29,420.1247,96.8727,56.7975,43.3011,19.8832,11238.1811,2667.5061,5188.4231
2022-12-30,422.4797,96.8727,57.0545,43.5331,19.8419,11191.1065,2633.7203,5204.5721
2023-01-03,426.7186,96.8727,57.0545,43.6104,19.8007,11158.5224,2687.4814,5254.9803
2023-01-04,423.4217,97.3014,56.9688,44.2290,19.6357,11219.1188,2718.1097,5292.3871
2023-01-05,431.8995,97.7300,57.0545,45.2342,19.8007,11104.7132,2732.8313,5232.9178
2023-01-06,431.8995,97.7300,57.0545,45.2342,19.7594,11335.3058,2777.2109,5319.5214
2023-01-09,453.0942,98.5873,57.9112,46.0848,20.2957,11306.1324,2786.3894,5320.7574
2023-01-10,457.8041,98.5873,57.4828,45.7755,20.2132,11348.3490,2731.3536,5322.9300
2023-01-11,456.3911,97.7300,57.3115,44.9249,19.9657,11480.7912,2773.0641,5314.1405
2023-01-12,458.2751,97.3014,57.4828,45.5435,19.8419,11523.4981,2827.8664,5376.0383
2023-01-13,470.9919,97.7300,57.8255,45.3889,20.0069,11526.5832,2791.2819,5420.9863
2023-01-17,473.8178,97.7300,58.1682,46.2394,19.9244,11506.7985,2773.5599,5386.1271
2023-01-30,511.4971,98.1586,58.2538,47.1673,20.5432,11560.4837,2773.6668,5408.5625
2023-01-31,491.7155,96.4441,57.6542,46.5487,20.2132,11668.0382,2780.9649,5399.3439
2023-02-01,499.2514,96.4441,57.4828,46.3941,20.3370,11766.9676,2808.4099,5455.7317
2023-02-02,508.6712,96.0154,57.8255,46.7807,20.3370,11740.2899,2765.4132,5253.9207
2023-02-03,510.5552,96.8727,56.7975,46.2394,20.3782,11619.4317,2724.9761,5124.5289
2023-02-06,495.4834,96.4441,56.7118,45.9301,20.2132,11713.6975,2743.5101,5208.6555
2023-02-07,492.6575,96.4441,57.2258,45.9301,20.1307,11879.7655,2724.4436,5219.1042
2023-02-08,508.6712,96.4441,57.0545,45.7755,20.2132,11761.1434,2740.0372,5237.0266
2023-02-09,508.6712,96.4441,57.2258,45.6982,20.2957,11664.7740,2715.3824,5198.0807
2023-02-10,513.3811,96.8727,57.0545,45.5435,20.3782,11677.0124,2681.5566,5201.3201
2023-02-13,509.6132,97.3014,57.4828,46.0075,20.7907,11884.0997,2720.1463,5205.5842
2023-02-14,513.3811,97.7300,57.3972,46.4714,20.8320,11894.0589,2717.4097,5216.2741
2023-02-15,494.5414,97.3014,56.9688,46.0075,20.6670,11944.0166,2694.6260,5169.2002
2023-02-16,497.3674,97.7300,56.7975,45.9301,20.7082,11800.3190,2661.1295,5174.0665
2023-02-17,487.9476,97.3014,56.8832,46.6261,20.9557,11751.8023,2677.4863,5181.1287
2023-02-21,486.0636,98.1586,57.2258,46.5487,20.4195,11558.4932,2635.1195,5180.7908
2023-02-22,477.5857,98.5873,57.0545,46.3168,20.5432,11588.1851,2669.7780,5172.0005
2023-02-23,487.9476,99.0159,57.5685,46.2394,20.5845,11646.3086,2695.0540,5167.6968
2023-02-24,481.3537,99.0159,57.8255,46.3941,20.5845,11449.1951,2643.2306,5098.1434
2023-03-01,491.7155,98.5873,57.4828,45.6208,20.4607,11538.4232,2665.5533,5233.0766
2023-03-02,488.8895,99.8732,58.2538,45.9301,20.3782,11595.8698,2634.5812,5215.4891
2023-03-03,486.0636,100.7305,58.5965,46.0075,20.3370,11797.5710,2702.0093,5278.4528
2023-03-06,490.7735,101.1591,59.1105,46.3941,20.5020,11766.0458,2672.0443,5234.1696
2023-03-07,493.5995,101.5878,58.9392,46.2394,20.6257,11614.7111,2695.1649,5155.5565
2023-03-08,490.7735,102.0164,59.0249,46.3941,20.6257,11691.2340,2711.1646,5178.6103
2023-03-09,491.7155,101.5878,58.9392,45.9301,20.5020,11474.9730,2717.6889,5229.3609
2023-03-10,483.2376,100.7305,58.5965,45.0796,20.2545,11342.1915,2819.5642,5357.6126
2023-03-13,486.0636,102.0164,58.6822,44.6156,20.0894,11331.4671,2827.3303,5483.1924
2023-03-14,480.4117,100.7305,59.0249,43.8424,19.8419,11379.1499,2747.1355,5385.3577
2023-03-15,481.3537,102.0164,59.2819,43.6878,19.8007,11279.7621,2793.1969,5413.8417
2023-03-16,478.2755,102.0164,59.2819,42.6052,19.4294,11530.9392,2784.2087,5449.9567
2023-03-17,490.5875,101.1591,58.8535,42.9145,19.5532,11406.9367,2828.6816,5613.9898
2023-03-20,484.9051,102.0164,59.1105,42.5279,19.5944,11542.6356,2810.1296,5628.8130
2023-03-21,489.6405,101.5878,59.3675,42.7599,19.7594,11651.4209,2775.7933,5502.3672
2023-03-22,504.7937,102.4450,59.6245,43.4558,20.1720,11443.0807,2810.4166,5591.2697
2023-03-23,509.5291,102.8737,59.7959,43.6878,20.3370,11425.0404,2798.4207,5637.2092
2023-03-24,510.4762,102.4450,60.3099,43.5331,20.3782,11419.6837,2790.6252,5534.8436
2023-03-27,502.8996,102.8737,60.8239,43.5331,20.3782,11510.5038,2741.6175,5516.9057
2023-03-28,497.2171,102.4450,61.0809,43.6878,20.4607,11424.8236,2732.2976,5533.1008
2023-03-29,501.9525,102.8737,61.5949,43.9971,20.5432,11660.8189,2743.2618,5538.8727
2023-03-30,506.6879,102.8737,61.6805,43.9197,20.6257,11795.1923,2771.4143,5620.4368
2023-03-31,504.7937,102.4450,61.5949,43.6878,20.8732,11897.1584,2797.8153,5561.0933
2023-04-06,501.9525,103.3023,62.1945,43.9197,20.9970,11965.3119,2879.6688,5695.5540
2023-04-10,501.0054,105.0169,62.1089,44.1517,20.6257,11919.6312,2819.5235,5626.0482
2023-04-11,496.2700,105.4455,63.3082,44.1517,20.8320,11973.5148,2837.3432,5685.6753
2023-04-12,492.4817,105.4455,62.6229,44.3063,20.8732,11908.1840,2830.4987,5705.5326
2023-04-13,483.0109,106.3028,63.2226,44.3837,20.8732,12053.1358,2805.1773,5776.3102
2023-04-14,488.6934,106.7314,62.6229,45.3116,20.9970,12025.4706,2779.9306,5674.8484
2023-04-17,492.4817,107.5887,62.7942,45.2342,20.8320,12090.4186,2751.8222,5659.7782
2023-04-18,487.7463,108.0174,63.0512,45.3116,20.8732,12082.6401,2758.0527,5674.3855
2023-04-19,483.0109,106.7314,63.0512,45.0023,20.6670,12074.8095,2754.0846,5644.5643
2023-04-20,485.8521,107.1601,62.1089,44.7703,20.5432,12042.6704,2785.4393,5682.7233
2023-04-21,483.9580,108.0174,62.5372,44.7703,20.5020,12060.6321,2771.7633,5630.5509
2023-04-24,480.1697,108.0174,62.5372,44.9249,20.6257,12099.1694,2804.5953,5659.8062
2023-04-25,471.6459,108.0174,62.5372,44.4610,20.5845,11886.5026,2840.9105,5678.7491
2023-04-26,465.4899,108.8747,63.3082,44.6930,20.5845,11883.2731,2821.8195,5670.3545
2023-04-27,467.3841,108.4460,62.9656,44.6156,20.4607,12094.0218,2787.8674,5658.5784
2023-04-28,475.4343,108.8747,63.0512,45.6208,20.5845,12196.6504,2832.6989,5659.8328
2023-05-02,474.4872,107.5887,63.3082,45.4662,20.5432,12087.5159,2828.9647,5762.2647
2023-05-03,469.7518,107.5887,62.9656,45.3116,20.4607,12014.7025,2847.1627,5816.0404
2023-05-04,471.6459,108.4460,63.4796,45.6982,20.5432,11887.7089,2809.1369,5836.3765
2023-05-05,473.5401,108.4460,63.3082,45.6982,20.5845,12100.3148,2798.0679,5741.5062
2023-05-08,477.3284,108.4460,63.7366,45.9301,20.5845,12083.8228,2754.3589,5739.1847
2023-05-09,483.0109,108.4460,63.7366,46.0075,20.6670,12034.7638,2745.4025,5781.7438
2023-05-10,476.3813,108.0174,63.8222,45.7755,21.0382,12115.4248,2777.6448,5785.1496
2023-05-11,472.5930,108.0174,63.7366,46.0075,20.9970,12080.3269,2803.7673,5728.8730
2023-05-12,469.7518,107.1601,63.9079,45.6208,20.8320,12097.4030,2787.8859,5734.6748
2023-05-15,469.2782,107.5887,63.9079,45.9301,20.8732,12183.4687,2769.0849,5767.9402
2023-05-16,478.2755,108.0174,64.1649,46.2394,21.2032,12075.7337,2754.7627,5683.4583
2023-05-17,491.5346,108.8747,65.2786,46.5487,21.3682,12236.1553,2749.8381,5670.1939
2023-05-18,501.9525,108.4460,64.5076,47.2446,21.4507,12359.4471,2730.6627,5599.0898
2023-05-19,503.8467,109.3033,64.5932,47.6313,21.6983,12300.9809,2702.4599,5635.9667
2023-05-22,502.8996,107.5887,64.8502,47.7086,21.6158,12277.7887,2686.6684,5609.8906
2023-05-23,501.9525,108.4460,64.8502,47.4766,21.5332,12156.2516,2698.0103,5624.1469
2023-05-24,497.2171,108.4460,64.7646,47.4766,21.5332,12125.0191,2697.3018,5605.0426
2023-05-25,514.2645,109.7319,64.1649,46.7034,21.2857,12231.2118,2690.8558,5551.6734
2023-05-26,536.0474,108.8747,63.9079,46.7807,21.2445,12370.0693,2708.3115,5565.0630
2023-05-30,536.0474,107.5887,63.6509,47.0127,21.3682,12284.7449,2715.4686,5558.7731
2023-05-31,528.4707,108.0174,63.6509,47.0127,21.3682,12226.7464,2741.4087,5571.9365
2023-06-01,521.8412,107.1601,63.8222,46.7034,21.3270,12377.0795,2759.7832,5631.4905
2023-06-02,532.2591,107.5887,64.3362,46.8580,21.4507,12530.2159,2723.9208,5537.0160
2023-06-05,525.6295,107.1601,63.9936,47.7086,21.7395,12540.6354,2726.3314,5585.6873
2023-06-06,530.3649,107.5887,64.0792,47.8632,21.9045,12559.2525,2740.5047,5587.9550
2023-06-07,537.9415,107.1601,64.5932,47.7859,22.0283,12510.1081,2698.5921,5518.3185
2023-06-08,529.4178,107.1601,64.5932,47.0127,21.9458,12619.1001,2737.3854,5606.0256
2023-06-09,535.1003,107.5887,65.1072,47.3220,21.8633,12614.1246,2727.6590,5578.7612
2023-06-12,543.6240,107.1601,65.2786,47.3220,21.6158,12734.8703,2737.0453,5576.6227
2023-06-13,561.6185,107.5887,65.1929,47.2446,21.6983,12839.8605,2714.4467,5544.6179
2023-06-14,558.7773,107.5887,65.4499,47.7859,21.6570,12799.3534,2724.2941,5523.6097
2023-06-15,562.3453,107.5887,65.3642,47.6313,21.6570,13022.9972,2764.2532,5590.3310
2023-06-16,560.4423,107.5887,66.1353,47.2446,21.6158,12945.6980,2746.5290,5567.5589
2023-06-20,554.7332,108.0174,66.9919,47.2446,21.6983,12936.7233,2778.0306,5534.8260
2023-06-21,552.8302,108.0174,66.3066,47.4766,21.7808,12937.9421,2799.3589,5555.8081
2023-06-26,546.1696,106.3028,65.2786,47.0127,21.7395,12851.9475,2800.0633,5533.2743
2023-06-27,544.2665,104.5882,65.2786,46.8580,21.6158,12995.7823,2793.3851,5509.1008
2023-06-28,546.1696,104.1596,65.3642,47.4766,21.5332,12997.9340,2804.3482,5494.5276
2023-06-29,545.2180,104.7856,65.3642,47.3993,21.4095,13075.6876,2759.3308,5499.7954
2023-06-30,548.0726,103.8939,65.3642,47.0127,21.4920,13255.8919,2797.3428,5547.2812
2023-07-03,550.9271,102.5562,65.5356,47.3993,21.6158,13283.3831,2784.0499,5558.6266
2023-07-05,553.7817,102.5562,64.9359,47.1673,21.5745,13234.6695,2751.5740,5526.9112
2023-07-06,537.6059,102.5562,63.3939,46.6261,21.2857,13192.8055,2725.4203,5536.3627
2023-07-07,537.6059,102.1103,62.7086,46.3941,21.0795,13202.7809,2717.9258,5596.2375
2023-07-10,537.6059,101.6644,63.1369,46.5487,20.9970,13207.5097,2715.5928,5588.4841
2023-07-11,549.0241,102.5562,64.0792,47.4766,21.2857,13334.5684,2738.3722,5627.5520
2023-07-12,549.9756,102.5562,64.0792,47.9406,21.4095,13401.3520,2760.5094,5686.5691
2023-07-13,556.6362,102.5562,63.9936,47.7086,21.4507,13407.6160,2768.8577,5648.4618
2023-07-14,562.3453,103.8939,64.7646,48.3272,21.6983,13366.4505,2745.8113,5616.6734
2023-07-17,562.3453,103.8939,64.8502,50.2603,21.8220,13409.4808,2746.4749,5619.2821
2023-07-18,552.8302,102.5562,65.1929,50.7242,21.8220,13509.1218,2758.9423,5683.6581
2023-07-19,552.8302,102.5562,65.4499,50.1056,21.8220,13518.6035,2785.8718,5675.9539
2023-07-20,550.9271,103.0021,65.5356,50.2639,21.9458,13489.8811,2764.5403,5672.8529
2023-07-21,532.8484,103.0021,64.7646,49.8681,21.8220,13487.4907,2764.8655,5654.4661
2023-07-24,530.9453,103.4480,65.3642,49.5515,21.6570,13671.7951,2780.0343,5681.8107
2023-07-25,541.4120,103.8939,64.7646,49.7890,21.9045,13699.4904,2772.8737,5709.4330
2023-07-26,538.5574,104.3397,65.3642,51.0555,22.2345,13642.9395,2763.7327,5712.7280
2023-07-27,541.4120,103.8939,65.4499,51.8470,22.4208,13573.3589,2714.1437,5631.6299
2023-07-28,539.5090,103.8939,65.0216,51.7679,22.3777,13742.3855,2735.2760,5691.5453
2023-07-31,537.6059,103.4480,64.5076,51.8470,22.2914,13793.7136,2746.8649,5717.3110
2023-08-01,539.5090,103.8939,65.5356,52.6386,22.3777,13774.1598,2705.7636,5666.2455
2023-08-02,533.7999,103.4480,65.2786,51.5304,22.1190,13667.3779,2693.5325,5674.4621
2023-08-04,527.1393,103.8939,63.5360,51.2929,22.0327,13586.1096,2681.8543,5701.3016
2023-08-07,530.9453,103.4480,64.0722,51.8470,22.2052,13709.6774,2656.4256,5690.3966
2023-08-08,525.2362,103.8939,63.4467,51.6096,22.0759,13655.8805,2688.4213,5656.7250
2023-08-09,527.1393,104.3397,63.5360,51.6887,22.3346,13620.2769,2713.4189,5652.9217
2023-08-10,524.2847,105.2315,63.1786,51.7679,22.2914,13588.0960,2661.4880,5631.5185
2023-08-11,519.5271,105.2315,64.6084,51.7679,22.1621,13594.0930,2658.0843,5637.2907
2023-08-14,514.7696,104.3397,65.0552,50.5805,21.8603,13734.8060,2664.9744,5647.1514
2023-08-15,515.7211,104.3397,64.6084,50.2639,21.5585,13579.0677,2649.5603,5633.9271
2023-08-16,515.7211,105.2315,64.7871,49.4724,21.1704,13462.9020,2625.6093,5594.5208
2023-08-17,517.6241,103.8939,65.0552,49.4724,21.1273,13380.4006,2618.3477,5594.3139
2023-08-18,512.8665,104.7856,64.6977,49.3932,21.2135,13379.9618,2626.2441,5592.3959
2023-08-21,510.9635,104.3397,64.5190,49.9473,21.4291,13469.3793,2591.6892,5608.6906
2023-08-22,514.7696,103.8939,64.1616,49.7098,21.2566,13438.8750,2612.7413,5620.4431
2023-08-23,525.2362,103.8939,64.5190,49.7098,21.1704,13614.4387,2682.5778,5688.3884
2023-08-24,536.6544,104.7856,64.0722,50.1056,21.0411,13374.8700,2654.7892,5665.5543
2023-08-25,519.5271,103.8939,63.5360,49.7098,20.9979,13451.5284,2659.9731,5650.8203
2023-08-28,522.3817,104.3397,63.5360,50.7389,21.1273,13535.9352,2662.5903,5666.6718
2023-08-29,525.2362,104.7856,64.6977,50.9763,21.2135,13734.1855,2690.7519,5723.1036
2023-08-30,528.0908,104.3397,65.0552,51.0555,21.3860,13768.6456,2683.6499,5728.2257
2023-08-31,522.3817,103.4480,63.1786,50.3431,21.0842,13762.2609,2698.3428,5724.4200
2023-09-01,521.4302,103.8939,63.1786,51.2929,21.1704,13791.8323,2657.0584,5728.9029
2023-09-05,525.2362,104.3397,63.4467,51.3642,21.1273,13753.8116,2623.9187,5691.0773
2023-09-06,523.3332,104.3397,62.8211,51.0317,20.9979,13681.3771,2634.2279,5673.5771
2023-09-07,515.7211,104.3397,62.7318,50.8655,20.8686,13651.9434,2643.9677,5684.8732
2023-09-08,512.8665,103.8939,63.2679,51.3642,20.8686,13714.2491,2662.1960,5704.1516
2023-09-11,510.0120,104.3397,62.9999,51.4473,20.8255,13827.5409,2647.4357,5724.2848
2023-09-12,517.6241,104.3397,63.1786,51.6135,20.9117,13675.1854,2647.8809,5663.0848
2023-09-13,514.7696,103.8939,63.3573,51.8629,20.9548,13715.7157,2652.0736,5660.1498
2023-09-14,526.2514,104.3397,63.0892,52.2784,21.3860,13804.1578,2627.2557,5650.8193
2023-09-15,533.9060,104.7856,63.5360,51.9460,21.0411,13626.7257,2609.1160,5683.4996
2023-09-18,516.6832,104.3397,63.3573,52.1953,21.0842,13638.6106,2624.7403,5718.5944
2023-09-19,514.7696,104.3397,63.1786,52.0291,21.0842,13619.0768,2607.0441,5716.8493
2023-09-20,511.8991,104.3397,63.3573,51.6135,20.9979,13528.3479,2621.8727,5735.6131
2023-09-21,504.2445,103.8939,62.3743,51.0317,20.7392,13316.7739,2556.8676,5699.1847
2023-09-22,499.4604,104.3397,62.3743,50.6993,20.7824,13340.4185,2587.8419,5740.4895
2023-09-25,502.3309,103.8939,62.8211,50.9486,20.9548,13393.5989,2523.6071,5709.6787
2023-09-26,496.5900,103.4480,62.6424,50.3668,20.8255,13185.2457,2512.6274,5659.0813
2023-09-27,499.4604,103.8939,62.8211,50.3668,20.8255,13226.2583,2506.3959,5604.2444
2023-09-28,500.4173,103.4480,62.6424,50.4499,20.9117,13317.8122,2516.8634,5582.4751
2023-10-02,509.9855,103.8939,62.8211,50.5331,20.8255,13288.1210,2476.4839,5470.3639
2023-10-03,506.1582,103.4480,62.3743,50.2837,20.7824,13135.3716,2427.8554,5465.0185
2023-10-04,497.5468,102.5562,60.4977,49.6188,20.5237,13233.0291,2462.4800,5465.2007
2023-10-05,505.2014,102.5562,61.3020,50.2837,20.6961,13219.6519,2448.6505,5451.7231
2023-10-06,509.0286,103.0021,61.3914,50.4499,20.8686,13340.3596,2412.4253,5464.9680
2023-10-11,520.5105,103.8939,62.5531,51.1980,21.2135,13472.1563,2502.4954,5564.1471
2023-10-12,526.2514,103.8939,62.1062,51.2811,21.3429,13407.8810,2437.8555,5554.5769
2023-10-13,529.1219,103.4480,61.6594,50.6162,21.2566,13387.1253,2490.0348,5752.9254
2023-10-16,521.4673,103.8939,61.6594,50.6993,21.2998,13538.5304,2451.8716,5729.4047
2023-10-17,527.2082,103.8939,61.9275,50.9486,21.2998,13534.3773,2424.2180,5738.5310
2023-10-18,516.6832,103.4480,61.3020,51.0317,21.1273,13411.4937,2413.2291,5846.6227
2023-10-19,522.4241,103.4480,61.3020,50.6993,20.8686,13322.5669,2368.9638,5931.2557
2023-10-20,531.9923,103.0021,60.4084,50.4499,20.6961,13139.7677,2378.9592,5938.8244
2023-10-23,520.5105,103.0021,60.4977,49.7850,20.7392,13110.3806,2406.3255,5915.7862
2023-10-24,520.5105,103.0021,60.7658,49.7850,20.6530,13170.0066,2430.7937,5897.5761
2023-10-25,520.5105,103.0021,60.4084,49.8681,20.6530,12968.0985,2374.3218,5916.5187
2023-10-26,508.0718,102.5562,60.1403,49.5357,20.5237,12882.9575,2423.9385,5958.2986
2023-10-27,509.9855,103.0021,60.1403,50.1175,20.6961,12816.0869,2412.0437,6023.6087
2023-10-30,509.0286,103.0021,60.4084,49.7019,20.5668,12991.3959,2405.2687,5999.8319
2023-10-31,506.1582,103.4480,60.6765,49.9513,20.5668,13005.8352,2381.2339,5936.4424
2023-11-01,505.2014,104.3397,60.8552,49.8681,20.5668,13207.8794,2444.5871,5946.2561
2023-11-02,523.3810,105.2315,61.9275,50.6162,20.8255,13450.1586,2498.3015,5961.2164
2023-11-03,525.2946,104.7856,62.5531,50.9486,20.9979,13481.5657,2498.3163,5942.6615
2023-11-06,526.2514,104.7856,62.7318,51.1148,21.1704,13483.3332,2468.7285,5883.5919
2023-11-07,531.0355,105.2315,62.2850,51.1148,21.1273,13527.0180,2506.1253,5861.5043
2023-11-08,531.9923,105.6774,62.6424,51.2811,21.1704,13527.7323,2547.0840,5799.1379
2023-11-09,532.9492,104.7856,62.9105,51.2811,21.0842,13479.0511,2499.0307,5846.8819
2023-11-10,532.9492,104.3397,62.3743,51.1148,21.1273,13705.3248,2515.9518,5789.8259
2023-11-13,546.3447,103.8939,62.3743,51.2811,21.1273,13731.4420,2517.4161,5838.7399
2023-11-14,547.3015,103.8939,62.5531,51.2811,21.1273,13954.0038,2566.4178,5872.3680
2023-11-15,555.9129,105.2315,62.9999,52.1122,21.2135,13910.9063,2517.2545,5826.4662
2023-11-16,557.8265,104.3397,63.5360,52.2784,21.6878,13898.2207,2543.1009,5879.6595
2023-11-17,554.9560,104.3397,63.4467,52.5278,21.6878,13840.9054,2541.3219,5847.5017
2023-11-20,552.0856,105.2315,63.8935,52.7771,21.7309,13902.6301,2548.6291,5819.1916
2023-11-21,559.7401,105.2315,64.2509,53.9407,22.1621,13755.7493,2526.0955,5832.5941
2023-11-22,552.0856,105.2315,64.1616,53.6914,21.9896,13767.6100,2527.4497,5790.3855
2023-11-24,550.1719,106.1233,64.8765,53.1096,21.9896,13881.4627,2516.7952,5865.0295
2023-11-27,543.4742,107.0151,64.3403,52.7771,21.8603,13866.1056,2560.6152,5908.6558
2023-11-28,550.1719,106.5692,64.1616,53.1096,22.1621,13831.1347,2556.6618,5966.4213
2023-11-29,549.2151,107.0151,64.5190,52.9433,22.0327,13710.4822,2568.0259,5927.2945
2023-11-30,552.0856,106.5692,65.2339,53.5251,22.0759,13675.1170,2521.8842,5864.2738
2023-12-01,553.9992,107.0151,66.3956,53.0265,21.7740,13891.0570,2594.6046,6024.1217
2023-12-04,549.2151,107.9069,66.4850,53.5251,21.7740,13736.6563,2569.0422,5859.1654
2023-12-05,545.3878,108.3528,66.1275,53.2758,21.9465,13837.2546,2643.9787,5880.9264
2023-12-06,545.3878,108.7987,65.5020,53.0265,22.0327,13822.0198,2687.0692,5919.9655
2023-12-07,541.5606,107.9069,66.2169,52.5278,21.9896,13915.5989,2669.3734,5924.6739
2023-12-08,545.3878,107.4610,66.2169,52.5278,22.0759,13947.8643,2642.3084,5834.1083
2023-12-11,549.2151,107.0151,66.2169,52.2784,22.0759,13994.3155,2635.2502,5766.4700
2023-12-12,553.0424,107.0151,66.1275,52.4447,21.9896,14021.7548,2636.2139,5748.3747
2023-12-13,552.0856,106.5692,65.4126,52.2784,21.9465,14280.9550,2710.5620,5905.2980
2023-12-14,559.7802,106.5692,65.9488,54.1900,22.2052,14182.8976,2753.1399,5880.2604
2023-12-15,562.6656,105.6774,65.8594,54.1069,22.1621,14171.9518,2758.6131,5831.4640
2023-12-18,562.6656,105.6774,66.3062,53.6083,22.1190,14326.3910,2750.9810,5888.6843
2023-12-19,562.6656,105.6774,65.9488,53.1096,21.9896,14426.0149,2768.2046,5933.9539
2023-12-20,562.6656,105.6774,66.3956,52.8602,21.9034,14178.5032,2777.6324,5881.8873
2023-12-21,554.9710,105.2315,65.8594,52.6940,21.9034,14331.2474,2763.5871,5931.0530
2023-12-22,559.7802,104.7856,65.3233,52.7771,21.9034,14306.3898,2740.7365,5935.0924
2023-12-26,563.6274,106.1233,65.6807,53.4420,21.9896,14333.0386,2742.0702,5966.2688
2023-12-27,569.3984,106.5692,66.0382,53.6914,22.1621,14277.4214,2774.8132,5959.3124
2023-12-28,570.3602,107.0151,66.3062,53.9407,22.2483,14237.9024,2745.9975,5906.0261
2023-12-29,570.3602,107.0151,66.5743,53.8576,22.2483,14128.7067,2708.1987,5868.5366
2024-01-02,570.3602,107.4610,66.2169,53.6914,22.3346,14036.1819,2690.0086,5849.1154
2024-01-03,555.9329,107.0151,65.2339,52.9433,22.0759,14017.0605,2719.7583,5840.1454
2024-01-04,557.8565,106.1233,64.7871,52.7771,22.1621,14045.6169,2692.5630,5876.8529
2024-01-05,554.0092,106.5692,65.0552,52.5278,22.1190,14070.3396,2667.8462,5880.0753
2024-01-08,560.7420,107.4610,65.2339,53.2758,22.2483,14224.3302,2685.3176,5814.9520
2024-01-09,563.6274,107.0151,64.7871,53.1927,21.9896,14096.7532,2648.2838,5773.3974
2024-01-10,561.7038,107.0151,64.7871,53.1927,21.9034,14333.4180,2665.1304,5823.9563
2024-01-11,563.6274,107.4610,64.6084,53.1096,21.9034,14353.2551,2684.9881,5846.1009
2024-01-12,561.7038,107.0151,64.8765,53.2758,21.8603,14259.8980,2660.4400,5860.9008
2024-01-16,557.8565,106.1233,63.6254,52.5278,21.5585,14345.9718,2639.0458,5861.8525
2024-01-17,558.8183,105.6774,62.8211,51.7798,21.2135,14386.5034,2657.0855,5846.1546
2024-01-18,565.5511,105.6774,63.5360,51.7798,21.1704,14553.4261,2639.4569,5910.1180
2024-01-19,602.1003,106.1233,63.8935,52.3615,21.2998,14752.6500,2651.0988,5934.9421
2024-01-22,602.1003,106.1233,63.0892,52.5278,21.1704,14691.7140,2650.2579,5875.6752
2024-01-23,604.0239,106.5692,63.8935,53.1096,21.2566,14727.1420,2627.9337,5895.6155
2024-01-24,603.0621,107.0151,63.7148,53.5251,21.2566,14755.9329,2614.7897,5852.0279
2024-01-25,617.4894,107.0151,64.0722,53.6914,21.2566,14787.5154,2623.2418,5855.9848
2024-01-26,619.4131,106.5692,63.8935,53.8576,21.4291,14779.5841,2620.1411,5856.2181
2024-01-29,623.2604,107.0151,63.8935,53.8576,21.5585,14876.6989,2646.7686,5889.6630
2024-01-30,617.4894,106.5692,63.8935,53.4420,21.3429,14823.3157,2663.2414,5881.1789
2024-01-31,604.0239,106.1233,64.6977,53.6083,21.3429,14569.3267,2687.1609,5871.9322
2024-02-01,604.0239,107.0151,65.6807,53.8576,21.4722,14800.7020,2747.4263,5949.3607
2024-02-02,610.7567,107.4610,65.3233,53.9407,21.4291,14951.2507,2685.7932,5891.0446
2024-02-05,621.3367,108.3528,65.3233,53.7745,21.1273,14940.5921,2639.2911,5875.7805
2024-02-15,670.3896,107.9069,65.6807,54.2732,21.2566,15236.9262,2617.6308,5819.5315
2024-02-16,656.9241,108.7987,65.6807,54.7718,21.2566,15121.1917,2595.6388,5825.4912
2024-02-20,660.7714,109.2446,68.0041,55.2705,21.3429,15104.9983,2609.4622,5886.9517
2024-02-21,655.0005,109.2446,68.6296,55.1043,21.2566,15106.9830,2588.9057,5882.7098
2024-02-22,665.5805,108.7987,68.3615,55.2705,21.1273,15443.4610,2605.5654,5894.3168
2024-02-23,670.3896,108.7987,67.7360,55.3536,21.0411,15467.7351,2642.7732,5932.8534
2024-02-26,671.3515,108.7987,67.4679,55.6030,20.9979,15483.5976,2647.2868,5947.4962
2024-02-27,671.3515,107.9069,67.2892,55.6030,21.6447,15486.1977,2624.1853,5931.1557
2024-02-29,663.6569,107.4610,68.5403,56.5172,21.7740,15570.1321,2667.8454,5991.2638
2024-03-01,662.6951,107.9069,67.7360,56.0185,21.8603,15699.9222,2681.6697,6098.1982
2024-03-04,697.3206,108.3528,68.0935,56.0185,21.8603,15655.5035,2666.1861,6185.9381
2024-03-05,702.1297,107.9069,67.8254,55.9354,21.8172,15474.4858,2699.8724,6213.3190
2024-03-06,706.9389,108.3528,68.3615,55.9354,21.9034,15568.2989,2718.4048,6270.5669
2024-03-07,730.9844,107.9069,68.6296,56.6003,21.9034,15684.7006,2709.2691,6290.9124
2024-03-08,754.0681,107.4610,67.6467,57.5146,21.8172,15576.0898,2701.9566,6338.1987
2024-03-11,736.7553,108.3528,68.4509,57.5146,21.9896,15571.7081,2702.1088,6353.5058
2024-03-12,740.6026,108.3528,68.4509,57.9302,22.1190,15693.7824,2671.7813,6265.8537
2024-03-13,749.2590,107.9069,69.7020,58.0964,22.1621,15687.4683,2661.9301,6317.1246
2024-03-14,754.0681,108.7987,69.5232,58.7613,22.4639,15660.3464,2621.7019,6292.3127
2024-03-15,724.2516,109.2446,69.2552,57.8470,22.5933,15611.9397,2630.8200,6296.0575
2024-03-18,738.2630,109.6905,68.1828,57.7639,22.8520,15743.4325,2629.3591,6321.6882
2024-03-19,736.3303,109.6905,67.8254,58.0133,22.8951,15849.6028,2639.8485,6321.8720
2024-03-20,732.4651,109.6905,68.3615,57.8470,22.8520,16041.3983,2646.4524,6415.2521
2024-03-21,757.5892,110.1364,68.4509,58.7613,23.0675,16110.5382,2654.8088,6415.0115
2024-03-22,758.5555,110.5823,67.3786,57.8470,23.3694,16141.1547,2690.3830,6387.7591
2024-03-25,753.7240,111.0282,67.5573,57.3484,23.3262,16122.8096,2681.2952,6418.6157
2024-03-26,755.6566,111.9200,67.4679,57.8470,23.5850,15991.7421,2671.8264,6398.8436
2024-03-27,752.7577,113.2577,68.4509,58.0133,23.4556,16203.0208,2711.1907,6475.9046
2024-03-28,743.0945,111.9200,68.2722,57.5977,23.4125,16247.7323,2716.8945,6578.8023
2024-04-01,744.0609,112.8118,68.3615,57.7639,23.5850,16196.4379,2662.4639,6636.5241
2024-04-02,763.3871,112.8118,67.4679,57.7639,23.5418,16134.2788,2654.5083,6751.6432
2024-04-03,753.7240,111.4741,67.2892,57.0159,23.1969,16164.1133,2655.9211,6815.9773
2024-04-08,756.6229,112.8118,67.3786,57.0990,23.4125,16179.0168,2643.3924,6951.4321
2024-04-09,791.4102,111.9200,68.3615,58.1795,23.5418,16178.3617,2664.7901,6981.2862
2024-04-10,787.5449,112.3659,68.2722,57.5146,23.4125,15963.1328,2598.0522,6892.2324
2024-04-11,792.3765,112.8118,68.2722,56.8497,23.4987,16192.6870,2603.7854,7073.8232
2024-04-12,790.4439,111.9200,68.6296,56.3510,23.3694,15989.7691,2621.0772,6989.1715
2024-04-15,778.8481,112.3659,68.5403,56.0185,23.3262,15803.9047,2582.7984,7126.5216
2024-04-16,761.4545,111.0282,66.5743,54.6056,22.6795,15841.0102,2576.3775,7165.0507
2024-04-17,776.9155,110.1364,67.3786,54.8550,22.8520,15800.2989,2613.7467,7136.2133
2024-04-18,776.9155,110.5823,68.6296,55.1043,23.2831,15690.2091,2587.7771,7125.3551
2024-04-19,724.7346,109.6905,67.9147,54.0238,22.8951,15590.7229,2603.3548,7164.8866
2024-04-22,717.0041,111.9200,70.5062,55.0212,23.3262,15777.0652,2606.0384,7006.8879
2024-04-23,728.5998,111.4741,70.0594,55.1043,23.4556,16003.0847,2613.2530,7006.6481
2024-04-24,756.6229,111.0282,68.8084,55.5199,23.3262,15956.4619,2588.4293,6976.5516
2024-04-25,740.1956,110.1364,68.0041,55.1874,23.4125,15956.3898,2580.0657,7044.8866
2024-04-26,755.6566,110.1364,68.3615,56.1848,23.3694,16060.0161,2585.9302,7046.8647
2024-04-29,768.2187,111.0282,69.0764,57.6808,23.8437,16130.7638,2609.8611,7038.6040
2024-04-30,763.3871,110.5823,68.3615,57.4315,23.6281,15814.2832,2577.6350,6871.7910
2024-05-02,745.9935,110.5823,67.9147,57.3484,23.6712,15930.9744,2611.1546,6921.6104
2024-05-03,753.7240,110.5823,67.9147,57.3484,23.8005,16063.8839,2627.0193,6888.4045
2024-05-06,759.5219,111.0282,69.3445,58.1795,24.2317,16195.1017,2631.6190,6945.9890
2024-05-07,773.0502,111.9200,68.8084,58.0964,24.3179,16205.9863,2646.5272,6911.0576
2024-05-08,774.9829,112.8118,68.8084,58.0964,24.3611,16258.1922,2638.7040,6912.2605
2024-05-09,769.1850,112.3659,68.1828,58.0964,24.0592,16336.3085,2649.0546,7014.6443
2024-05-10,774.9829,111.9200,68.9871,59.6755,24.5766,16360.2838,2634.6195,7072.8188
2024-05-13,791.4102,112.8118,69.8807,59.4262,24.4042,16405.5920,2648.3035,7012.0140
2024-05-14,797.2081,111.9200,69.9701,59.1769,24.0592,16454.1782,2658.9390,7059.8999
2024-05-15,810.7364,111.9200,70.6849,61.3378,24.1455,16628.1883,2690.4150,7137.7735
2024-05-16,812.6691,111.9200,71.3105,61.4209,24.4042,16448.9541,2664.2956,7047.8468
2024-05-17,806.8712,112.3659,70.7743,62.0027,25.0078,16520.1711,2653.9855,7184.8089
2024-05-20,806.8712,112.8118,69.6126,61.3378,25.3527,16559.9024,2649.4556,7222.7481
2024-05-21,812.6691,112.8118,70.7743,60.5898,24.8785,16622.0864,2666.5828,7221.5062
2024-05-22,834.8943,113.2577,71.7573,61.0885,24.5766,16589.1479,2672.1896,7095.2015
2024-05-23,845.5237,113.2577,72.2041,60.2573,24.7060,16462.4153,2654.0981,6951.3397
2024-05-24,837.7932,113.2577,70.6849,60.9222,24.4042,16569.7403,2661.7073,6957.1148
2024-05-28,835.8606,112.3659,70.1488,61.3378,24.4904,16503.7143,2611.2719,6997.3533
2024-05-29,828.1301,111.4741,68.6296,60.1742,24.0592,16441.1935,2588.0202,6954.6890
2024-05-30,809.7701,112.3659,68.8084,59.7587,23.8868,16435.2733,2629.5369,7011.8869
2024-05-31,793.3428,114.1495,71.4892,61.0054,24.6629,16574.4175,2645.7059,6966.3329
2024-06-03,817.5006,113.2577,71.5786,61.3378,24.6629,16643.6072,2697.5227,7052.0474
2024-06-04,810.7364,113.2577,70.8637,61.1716,24.4473,16584.8651,2716.3657,6956.2996
2024-06-05,825.2311,113.2577,71.0424,61.5040,24.6629,16789.5078,2737.5254,7041.8595
2024-06-06,863.8836,113.7036,71.7573,62.5014,24.8785,16749.3150,2726.9265,7077.0559
2024-06-07,849.3889,112.8118,71.7573,63.1663,24.9647,16706.5978,2673.3228,6815.4035
2024-06-11,853.2542,112.8118,70.5956,64.2468,24.6629,16863.8188,2693.3840,6924.3258
2024-06-12,878.3783,112.8118,71.7573,63.1663,24.7922,16992.7497,2712.0945,6938.8486
2024-06-13,891.4738,112.8118,72.2935,63.3325,24.7491,16966.4798,2742.1850,6857.8471
2024-06-14,894.3839,114.1495,73.0083,63.9143,24.7922,17028.4668,2773.6761,6967.8631
2024-06-17,893.4139,113.7036,73.0083,63.1663,24.7491,17190.5689,2750.3868,6942.4187
2024-06-18,914.7549,114.1495,72.8296,63.9974,24.8785,17208.6685,2771.5042,6959.8962
2024-06-20,951.6167,112.8118,72.3828,64.8286,25.0078,17204.3209,2759.8457,7064.1951
2024-06-21,940.9462,111.9200,72.8296,65.0779,24.9216,17160.1375,2756.4536,6946.1999
2024-06-24,911.8448,112.8118,74.0807,64.9117,25.0078,17115.9929,2769.4840,6978.4336
2024-06-25,916.6950,112.3659,74.3488,65.2442,25.0940,17159.8692,2770.6236,6934.9007
2024-06-26,931.2457,111.9200,73.9020,64.6624,24.8353,17262.0869,2743.8868,6903.2165
2024-06-27,931.2457,112.3659,73.1871,65.1610,24.6629,17347.2241,2764.0161,7004.8685
2024-06-28,937.0660,111.9200,72.6509,65.9091,24.6198,17246.9856,2707.5691,6992.5549
2024-07-01,939.0061,112.8118,72.8296,66.8233,24.7922,17272.9169,2659.3673,7006.8879
2024-07-02,931.2457,111.9200,73.2764,67.3220,24.7922,17398.6281,2681.5308,7010.3780
2024-07-03,949.6766,111.9200,73.2764,69.2336,25.0509,17503.7307,2721.0172,7100.5448
2024-07-05,974.8979,111.2322,75.2424,70.5634,25.2234,17568.8865,2737.9675,7181.6828
2024-07-08,1003.9993,110.3053,74.7956,71.4777,25.2234,17527.6902,2734.2954,7067.8291
2024-07-09,1008.8495,110.3053,75.6892,71.4777,25.2234,17586.9809,2728.7641,7096.8618
2024-07-10,1013.6998,109.8418,75.6892,74.0542,25.5252,17780.9734,2740.4103,7130.8452
2024-07-11,1047.6514,109.8418,76.4041,76.7969,25.7408,17670.7113,2773.7917,7275.0252
2024-07-12,1008.8495,109.8418,76.5828,76.3814,25.7839,17672.9804,2768.5480,7225.8187
2024-07-15,1008.8495,110.7687,77.2977,75.5502,25.8701,17809.7894,2750.3400,7285.2190
2024-07-16,1023.4002,110.7687,75.8679,76.2151,25.8701,17929.7153,2791.3684,7436.3185
2024-07-17,999.1491,110.7687,75.7786,75.6333,25.9133,17672.5113,2791.0440,7399.3588
2024-07-18,974.8979,111.6957,78.1020,74.7191,26.2582,17497.6576,2763.5426,7335.7725
2024-07-19,940.9462,112.1591,77.6551,73.6077,26.0857,17460.7434,2759.8118,7237.0453
2024-07-22,910.8747,111.6957,78.9062,70.6155,25.6114,17717.5113,2763.7654,7270.8255
2024-07-23,949.6766,112.6226,79.0849,73.0948,25.6977,17704.5583,2762.2021,7302.5156
2024-07-26,896.3240,113.5495,77.9232,72.5818,24.7461,17318.1563,2762.2297,7202.0256
2024-07-29,915.7250,112.6226,77.2083,74.5481,24.4711,17410.6135,2790.2680,7226.0557
2024-07-30,911.8448,112.1591,76.5828,73.9497,24.0587,17349.4931,2805.3942,7309.6265
2024-07-31,906.0245,112.6226,74.9743,75.4030,24.3336,17584.3839,2826.5148,7422.1182
2024-08-01,931.2457,112.6226,74.0475,75.4030,24.4253,17235.2576,2834.4293,7353.8483
2024-08-02,875.9530,114.0130,73.3988,74.2916,24.2420,16989.2424,2935.6938,7372.3358
2024-08-05,790.5888,112.6226,71.5453,67.5379,23.2338,16430.1251,2939.7167,7250.3787
2024-08-06,853.6419,113.0861,73.1208,68.9912,23.6004,16627.4452,2881.9056,7212.2554
2024-08-07,892.4438,112.6226,72.5647,70.6155,23.7379,16566.3430,2870.2854,7229.1880
2024-08-08,869.1627,112.6226,73.3988,71.0430,23.6462,16883.1257,2841.4885,7313.9267
2024-08-09,906.0245,113.0861,75.8084,73.5222,24.4253,16833.0269,2848.4346,7278.0340
2024-08-12,911.8448,112.6226,75.9937,74.2062,24.7461,16854.7582,2860.9788,7408.4788
2024-08-13,912.8148,113.0861,76.6425,74.8046,24.5627,17028.4150,2863.4117,7352.4259
2024-08-14,919.6051,113.5495,76.6425,76.3434,24.9752,17117.1112,2887.2661,7307.3910
2024-08-15,914.7549,114.0130,75.0670,76.0870,24.4711,17243.4307,2836.4821,7259.9858
2024-08-16,939.9761,114.9399,75.2523,78.9936,25.0210,17523.8098,2886.2259,7526.3360
2024-08-19,943.8563,114.4765,74.6036,76.9419,24.8835,17523.9477,2872.1171,7442.9036
2024-08-20,943.8563,114.4765,74.6963,75.9160,25.0210,17372.9571,2874.7330,7417.9149
2024-08-21,929.3056,114.4765,75.7157,76.2579,25.0668,17424.1936,2875.0835,7404.4242
2024-08-22,922.5153,114.9399,75.9937,75.3175,25.1127,17179.0342,2828.6963,7269.8819
2024-08-23,920.5752,114.9399,75.8084,76.0870,25.1127,17547.8125,2877.7596,7432.7608
2024-08-26,921.5452,114.9399,75.5304,78.5662,25.5709,17352.6982,2845.3133,7391.1771
2024-08-27,913.7849,115.4034,77.2912,78.8227,25.5709,17406.3473,2845.2596,7423.9025
2024-08-28,935.1259,114.9399,76.7351,78.6517,25.5251,17243.2754,2831.5896,7345.3162
2024-08-29,914.7549,114.4765,76.1791,78.0532,25.6167,17401.5180,2847.9745,7450.4397
2024-08-30,915.7250,114.9399,76.5498,78.5662,25.8459,17498.9728,2806.5942,7368.4366
2024-09-03,911.8448,114.9399,77.0132,80.1050,25.3418,17178.1353,2859.0330,7353.3897
2024-09-04,862.3723,113.0861,75.7157,77.3693,24.9752,17169.8155,2900.4205,7369.3818
2024-09-05,874.9830,114.0130,76.0864,78.9082,25.0210,17114.1337,2914.4541,7424.7444
2024-09-06,890.5037,114.9399,77.4765,79.0791,25.2043,16853.4828,2918.9035,7381.7746
2024-09-09,872.0728,114.4765,77.8472,77.1983,25.5709,17052.2426,2933.2410,7417.1991
2024-09-10,876.9231,114.9399,80.6275,77.5574,25.6167,17170.4202,2961.3483,7468.9632
2024-09-11,874.0129,114.4765,79.7934,76.7495,25.2960,17373.5838,2963.6025,7468.6957
2024-09-12,915.9111,115.4034,81.0909,77.0188,25.3876,17492.1354,2945.0808,7587.8470
2024-09-13,922.7317,115.4034,80.8128,77.8267,25.4793,17482.7293,2936.0974,7619.3815
2024-09-16,922.7317,115.8669,80.1641,77.9165,25.3876,17516.7745,2964.3923,7622.3231
2024-09-18,916.8855,115.8669,80.4421,78.1858,25.5251,17472.7784,2913.6249,7522.0717
2024-09-19,935.3986,115.8669,81.3689,80.1606,25.5251,17681.6401,2889.3778,7600.5832
2024-09-20,948.0654,116.7938,81.6469,81.5071,25.8459,17644.9677,2877.3198,7694.5274
2024-09-23,951.9629,117.2573,81.4616,82.4945,26.0292,17812.1173,2891.1836,7763.0904
2024-09-24,961.7067,117.2573,82.9444,83.1229,26.1208,17831.8132,2885.5366,7857.7537
2024-09-25,979.2454,117.2573,83.1297,83.7512,26.1208,17662.6604,2840.6724,7789.6411
2024-09-26,988.9891,117.7207,83.0370,83.4819,26.2583,17823.8698,2861.9916,7869.5238
2024-09-27,974.3735,117.2573,82.2030,81.9559,25.9375,17572.9076,2840.4907,7708.3291
2024-09-30,932.4755,116.3303,80.8128,81.1480,25.7084,17707.8209,2837.2802,7674.6196
2024-10-01,947.0911,116.7938,82.4810,81.4173,26.2583,17551.9689,2858.2177,7756.3638
2024-10-04,951.9629,115.4034,80.7202,80.8787,25.6626,17931.8553,2811.3568,7844.4104
2024-10-07,979.2454,114.9399,80.8128,81.7764,25.7542,17948.4494,2818.2322,7896.4578
2024-10-08,984.1173,113.5495,80.9055,82.0457,25.6167,17995.9539,2803.9408,7785.3604
2024-10-09,993.8610,113.5495,81.2762,81.3276,25.7084,18147.7883,2792.1844,7754.5782
2024-10-11,1018.2203,113.5495,80.2568,81.4173,25.8001,18238.9626,2772.2073,7903.0293
2024-10-14,1018.2203,113.5495,81.5542,81.2378,25.9375,18350.7195,2768.6350,7874.0996
2024-10-15,1042.5797,114.4765,82.0176,82.4945,26.2583,18220.6038,2804.2124,7906.8199
2024-10-16,1018.2203,113.5495,81.8323,81.0583,25.9834,18310.6152,2817.6959,7951.0628
2024-10-17,1008.4766,113.5495,83.1297,82.2252,25.8917,18291.6906,2769.9514,7989.7248
2024-10-18,1057.1953,114.9399,83.1297,83.6615,26.3958,18323.7719,2766.2392,8057.7267
2024-10-21,1057.1953,113.5495,82.9444,81.5968,25.8001,18278.8442,2715.7069,8049.5912
2024-10-22,1047.4515,114.0130,82.2956,83.7512,25.8459,18274.2689,2719.1203,8138.7099
2024-10-23,1032.8359,113.0861,81.6469,82.6740,25.5709,18086.3839,2708.6266,8031.3520
2024-10-24,1032.8359,113.0861,83.2224,81.9559,25.5251,18119.8418,2725.1325,8090.6117
2024-10-25,1037.7078,113.0861,82.3883,82.7638,25.3418,18102.1500,2708.1291,8102.1367
2024-10-28,1023.0922,113.5495,83.2224,82.4945,25.2043,18203.5321,2707.5364,8122.7227
2024-10-29,1013.3485,113.5495,82.5737,82.2252,25.0210,18204.5572,2707.4331,8198.4143
2024-10-30,1003.6047,113.0861,83.1297,81.5071,25.1127,18143.3620,2714.4592,8240.7721
2024-11-01,998.7329,113.0861,82.1103,81.1480,24.6086,17784.5127,2668.7971,8044.4013
2024-11-04,1013.3485,113.5495,82.2030,82.8536,25.0668,17779.6241,2715.3246,8071.0416
2024-11-05,1023.0922,114.0130,83.5931,82.8536,25.0210,17988.5205,2728.8247,8086.5008
2024-11-06,1032.8359,113.5495,82.2030,82.0457,24.7919,18383.9975,2646.6259,7818.7390
2024-11-07,1037.7078,114.0130,81.7396,82.7638,25.1127,18824.3945,2722.9236,8072.3323
2024-11-08,1062.0671,114.0130,80.9055,83.3922,25.1585,18730.1748,2731.8730,7943.1510
2024-11-11,1057.1953,114.0130,80.6275,82.3150,25.1585,18865.6600,2735.6388,7805.3830
2024-11-12,1023.0922,113.5495,79.7007,82.3150,24.8835,18888.6200,2706.3093,7771.5712
2024-11-13,1008.4766,114.4765,80.5348,81.6866,24.8377,18921.1416,2683.9482,7702.7288
2024-11-14,1008.4766,113.5495,79.7007,81.0583,24.4711,18795.5368,2698.9234,7681.0201
2024-11-15,1008.4766,113.5495,79.6081,81.6866,24.6086,18628.7649,2702.4837,7697.9762
2024-11-18,998.7329,113.5495,78.6813,80.6094,24.8835,18661.7445,2701.0094,7826.2152
2024-11-19,1013.3485,114.4765,78.4960,82.0457,24.8377,18718.7114,2713.1466,7891.5892
2024-11-20,998.7329,113.5495,79.7007,81.2378,24.7919,18657.6381,2694.7361,7907.4638
2024-11-21,984.1173,114.0130,79.2374,80.1606,25.0668,18842.5196,2704.8112,8009.4204
2024-11-22,1013.3485,114.0130,78.8667,80.1606,25.1585,18920.5915,2709.1244,8121.1237
2024-11-25,1003.6047,114.4765,80.6275,81.2378,25.4793,19021.6880,2784.6620,7897.2099
2024-11-26,984.1173,114.9399,79.7934,80.8787,25.1585,18982.1603,2753.7088,7855.0595
2024-11-27,974.3735,114.4765,80.1641,79.7118,25.0668,18967.3693,2779.0488,7890.2933
2024-11-29,970.4760,114.0130,78.3106,78.9936,24.7461,19137.7906,2815.4691,7980.2752
2024-12-02,1008.4766,114.0130,79.3300,80.4299,25.0668,19139.4649,2817.4315,7896.9500
2024-12-03,1027.9641,114.4765,79.7934,81.5968,25.4793,19238.3598,2806.2506,7950.0442
2024-12-04,1042.5797,115.4034,80.1641,81.3276,25.2501,19282.0947,2825.3100,7942.9670
2024-12-05,1047.4515,114.9399,79.3300,81.9559,25.3876,19160.8199,2817.8488,7847.5351
2024-12-06,1037.7078,115.4034,80.0714,82.5843,25.2501,19202.9686,2822.8907,7852.8241
2024-12-09,1047.4515,115.4034,78.4033,82.1354,25.2501,19142.6150,2802.5139,7946.7198
2024-12-10,1037.7078,115.4034,78.7740,82.5843,25.2043,19072.9667,2787.8465,8047.0571
2024-12-11,1018.2203,114.4765,79.1447,82.2252,25.2043,19311.2563,2774.5423,8162.1730
2024-12-12,1036.8042,114.4765,78.1253,84.2898,25.2501,19189.3079,2737.6361,8033.0890
2024-12-13,1041.6948,114.4765,78.1253,84.0205,25.0668,19173.8023,2708.0303,7931.1188
2024-12-16,1061.2571,114.0130,79.4227,84.1103,25.0668,19274.8314,2718.8442,7958.1835
2024-12-17,1051.4760,114.4765,77.4765,83.0331,25.2501,19147.3946,2718.6407,7907.8030
2024-12-18,1061.2571,114.9399,77.9399,82.4945,25.0668,18584.0696,2685.7062,7759.1533
2024-12-19,1046.5854,114.4765,76.6425,81.5968,24.7461,18720.5557,2665.2845,7829.6493
2024-12-20,1012.3513,114.0130,75.0670,81.1480,24.6086,18917.5797,2676.5237,7899.7235
2024-12-23,1056.3665,115.4034,77.0132,82.0457,25.0668,19022.6974,2650.8364,7859.1519
2024-12-24,1056.3665,114.4765,77.2912,82.4047,25.3418,19229.4167,2661.3930,7872.8760
2024-12-26,1061.2571,114.9399,76.3644,81.9559,25.1127,19289.6144,2668.0274,7950.3097
2024-12-27,1066.1477,115.4034,76.7351,82.4047,24.9752,19094.4993,2647.2531,7898.9700
2024-12-30,1066.1477,114.9399,75.9011,81.9559,24.8377,18926.7850,2675.6235,7894.7091
2024-12-31,1051.4760,114.4765,74.9743,81.0583,24.7002,18830.0547,2657.3662,7932.1786
2025-01-02,1041.6948,114.0130,74.0475,81.4173,24.7461,18807.2966,2668.0043,8050.0210
2025-01-03,1051.4760,113.5495,73.7695,81.7764,24.7002,19082.3938,2665.0524,8003.4679
2025-01-06,1100.3818,114.4765,74.9743,82.4945,24.9752,19217.1353,2656.5752,8003.9423
2025-01-07,1105.2724,114.0130,73.6768,82.4945,24.8377,18898.0123,2612.5309,8005.8676
2025-01-08,1080.8195,114.4765,72.9354,81.7764,25.0210,18919.0885,2614.9724,8045.6453
2025-01-10,1075.9289,114.0130,72.7501,80.6992,25.0668,18690.8730,2606.1005,8148.9830
2025-01-13,1051.4760,114.0130,72.2867,80.6094,24.7919,18871.1218,2626.2382,8133.0845
2025-01-14,1066.1477,114.4765,73.2135,81.5071,25.2501,18873.2241,2618.6222,8165.4532
2025-01-15,1041.6948,114.4765,72.0087,81.1480,25.1585,19157.1707,2655.5275,8201.1935
2025-01-16,1080.8195,114.9399,73.0281,82.2252,25.4334,19029.5796,2651.4526,8218.6782
2025-01-17,1095.4912,114.9399,72.7501,81.6866,25.2960,19248.1801,2659.8283,8186.7744
2025-01-21,1095.4912,114.4765,72.6574,82.1354,25.4334,19112.6823,2640.5622,8180.1497
2025-01-22,1110.1630,115.4034,72.6574,83.3024,25.4793,19379.5187,2648.5381,8290.3468
2025-02-03,1046.5854,116.3303,73.3988,82.0457,25.6626,19245.5046,2697.7827,8533.3102
2025-02-04,1071.0383,115.8669,72.6574,81.0583,26.2125,19468.4503,2719.1506,8659.0874
2025-02-05,1085.7101,116.7938,73.3988,82.4047,26.0750,19490.8536,2756.0513,8687.6589
2025-02-06,1090.6006,116.7938,73.9549,83.4819,26.2583,19517.0877,2748.9783,8646.2466
2025-02-07,1100.3818,116.7938,73.7695,82.8536,26.1667,19323.2423,2729.0866,8654.8646
2025-02-10,1080.8195,116.3303,73.5842,83.8410,26.3041,19473.3884,2723.4789,8810.0233
2025-02-11,1085.7101,116.3303,73.3061,84.2000,26.3041,19510.4583,2709.1269,8787.8794
2025-02-12,1075.9289,116.7938,74.1402,83.8410,26.5333,19410.8616,2667.3152,8780.4595
2025-02-13,1066.1477,116.3303,74.9743,83.8410,26.7624,19647.1872,2715.9925,8881.2514
2025-02-14,1036.8042,116.3303,74.9743,83.5717,26.8082,19502.4101,2710.4017,8685.1283
2025-02-18,1075.9289,117.2573,75.0670,84.6489,27.0374,19614.4220,2685.9766,8853.6771
2025-02-19,1066.1477,117.2573,75.5304,82.9433,27.0374,19669.4486,2690.5389,8862.5638
2025-02-20,1056.3665,117.2573,75.9937,82.5843,26.8541,19602.5244,2702.6593,8873.8926
2025-02-21,1071.0383,117.7207,76.7351,83.1229,27.1748,19236.1130,2730.9021,8851.3833
2025-02-24,1051.4760,117.7207,76.4571,82.2252,27.1290,19195.2638,2745.5028,8921.1377
2025-02-25,1031.9136,117.2573,76.0864,82.3150,27.0832,19057.0810,2786.6076,8783.7931
2025-02-26,1036.8042,118.1842,76.7351,83.3024,27.4956,19112.5345,2809.8058,8818.3463
2025-02-27,1017.2419,118.6477,75.5304,82.8536,26.7166,18791.3949,2787.5621,8676.5371
2025-03-03,997.6795,119.1111,77.4765,83.3024,26.9915,18838.8529,2848.3139,8777.0791
2025-03-04,978.1172,117.7207,75.5304,81.8661,26.8082,18606.7511,2811.8602,8849.0876
2025-03-05,997.6795,118.1842,76.3644,82.4047,26.5791,18752.9228,2781.4285,8842.1338
2025-03-06,983.0078,118.6477,76.9205,83.0331,26.6249,18423.5784,2772.7617,8798.8955
2025-03-07,983.0078,118.6477,75.2523,81.5968,26.3500,18558.9209,2768.6525,8818.7319
2025-03-10,976.1609,118.6477,76.8278,81.4173,26.5333,18047.6048,2794.9033,8733.2953
2025-03-11,949.7518,118.1842,76.5498,80.5197,26.5333,17919.1656,2778.2984,8846.3742
2025-03-12,966.3798,118.6477,77.0132,80.3401,26.6707,18015.4633,2761.8868,8885.4226
2025-03-13,943.8831,119.1111,76.2718,79.8913,27.1290,17795.5878,2789.3467,9053.5104
2025-03-14,938.0144,119.1111,76.3644,79.1732,27.1748,18197.4475,2779.8134,9074.2218
2025-03-17,948.7737,118.6477,75.5304,80.7890,27.4040,18314.1885,2790.0933,9111.6120
2025-03-18,954.1784,119.5746,76.0864,81.1480,27.4956,18132.9687,2795.4422,9226.4740
2025-03-19,935.5075,119.1111,74.8816,79.8913,27.3581,18343.1312,2811.8707,9270.7820
2025-03-20,967.9359,119.5746,75.3450,80.6992,27.4498,18303.4560,2815.7771,9265.6764
2025-03-21,955.1611,120.5016,76.0864,79.8913,27.4040,18300.6152,2797.7551,9186.6331
2025-03-24,955.1611,119.5746,75.9937,79.8913,27.4498,18621.4087,2768.0354,9142.3183
2025-03-25,972.8492,119.5746,76.4571,80.5197,27.1748,18686.7164,2770.7738,9192.6565
2025-03-26,963.0225,119.5746,76.2718,80.6992,27.4956,18482.6471,2755.3959,9194.5238
2025-03-27,941.4036,120.5016,76.9205,80.6992,27.4956,18457.6621,2750.9542,9329.9647
2025-03-28,935.5075,120.5016,76.2718,79.1732,27.1748,18098.4745,2790.9415,9405.6244
2025-03-31,894.2352,119.1111,74.6036,76.5700,26.3500,18260.9030,2824.8307,9562.1565
2025-04-01,927.6461,120.5016,76.0864,78.4551,26.6249,18341.8937,2853.8867,9558.5686
2025-04-02,925.6808,120.5016,75.9011,78.6346,26.8541,18438.1964,2848.9596,9567.9203
2025-04-07,833.3092,114.9399,69.0431,70.8250,24.1961,16453.5785,2802.4940,9076.9072
2025-04-08,801.8636,117.7207,72.5647,69.9273,24.5169,16106.7886,2734.4641,9076.1236
2025-04-09,771.4007,116.7938,69.5065,64.7209,23.7379,17852.6042,2758.9486,9440.5703
2025-04-10,848.0494,117.7207,72.6574,71.1840,25.4793,16816.1281,2642.9382,9527.1314
2025-04-11,873.5990,119.1111,72.2867,72.1715,25.2960,17220.2740,2673.4740,9768.0223
2025-04-14,850.0147,118.1842,70.8966,72.6203,25.2501,17162.3205,2657.7050,9586.5955
2025-04-15,861.8068,119.5746,70.0625,74.0565,25.4334,17111.5019,2666.6911,9635.2079
2025-04-16,840.1880,119.1111,71.1746,71.9022,25.5251,16807.2590,2693.7701,9994.0054
2025-04-17,832.3266,118.6477,70.0625,71.4533,25.2960,16766.4099,2659.6921,9911.7979
2025-04-21,820.5345,117.7207,69.2284,70.9148,25.2501,16367.3260,2613.2020,10218.4252
2025-04-22,801.8636,118.6477,69.8772,69.3887,24.9294,16825.2197,2632.8033,10092.5950
2025-04-23,857.8761,118.1842,71.8233,71.1840,25.4793,17155.9831,2669.2745,9890.9737
2025-04-24,849.0321,117.7207,70.8966,70.2864,25.1127,17495.1579,2694.0189,10022.3796
2025-04-25,872.6163,117.2573,70.6186,71.2738,25.2501,17568.9139,2705.7559,9884.1008
2025-04-28,881.4604,118.6477,71.1746,71.0943,25.4793,17620.8069,2729.8023,10050.6479
2025-04-29,886.3737,119.5746,71.0819,73.0691,25.4793,17681.0391,2744.8101,9924.2707
2025-04-30,892.2698,120.0381,71.1746,75.6723,25.9375,17631.2177,2713.8474,9818.3628
2025-05-02,933.5422,119.1111,72.3794,76.3007,25.6626,17902.6104,2653.4994,9568.6146
2025-05-05,921.7501,120.0381,74.8816,71.8124,25.5251,17019.8653,2523.0372,9422.5357
2025-05-06,904.0619,120.5016,74.7889,70.9148,26.2125,16028.7290,2404.1037,9199.3971
2025-05-07,911.9233,121.4285,74.7889,70.0171,26.4416,16547.4505,2481.9590,9315.5392
2025-05-08,902.0966,120.0381,74.7889,70.1069,26.4416,16892.3690,2488.1077,9257.9189
2025-05-09,932.5595,121.4285,75.2523,69.4785,27.3123,16803.2832,2481.8510,9287.7396
2025-05-12,940.4209,121.4285,74.4182,70.1069,27.0374,17345.6297,2456.9212,9019.1743
2025-05-13,952.2130,120.5016,72.9354,70.9148,27.0374,17544.8645,2458.8181,9101.5177
2025-05-14,981.6933,120.0381,72.7501,71.8124,27.2207,17585.7238,2445.0639,8919.3929
2025-05-15,975.7973,121.4285,73.6768,72.2612,27.4498,17622.0737,2459.6423,9036.3763
2025-05-16,980.7106,121.4285,73.7695,73.5180,27.5873,17632.7495,2452.1769,8876.3377
2025-05-19,966.9532,121.4285,76.9205,71.6329,27.5873,17672.8681,2447.9582,9001.2810
2025-05-20,961.0571,121.8920,75.5304,72.4408,27.5873,17580.3242,2425.7497,9151.6614
2025-05-21,972.8492,122.8189,75.0670,73.1589,27.6331,17284.3671,2384.3337,9219.3415
2025-05-22,964.9878,123.2824,74.5109,73.5180,27.5414,17219.9523,2386.9528,9099.9984
2025-05-23,966.9532,123.2824,74.0475,73.1589,27.5414,17116.5381,2392.8865,9307.0272
2025-05-27,948.2823,121.8920,74.8816,72.0817,27.6331,17395.7027,2415.6311,9109.1178
2025-05-28,950.2477,122.3554,75.3450,71.3636,27.7247,17323.8517,2409.2097,9103.6058
2025-05-29,950.2477,120.0381,73.7695,71.4533,27.3123,17383.6484,2430.3060,9153.0193
2025-06-02,929.6115,121.8920,73.2135,73.4282,27.7706,17415.9545,2404.9610,9309.8951
2025-06-03,933.5422,120.5016,73.4915,75.0440,27.9080,17583.4631,2410.0717,9263.3772
2025-06-04,972.8492,120.0381,73.0281,78.1858,27.9539,17566.2014,2447.4469,9316.3983
2025-06-05,980.7106,120.5016,73.8622,78.1858,27.9539,17467.3609,2447.1935,9261.9583
2025-06-06,977.7626,120.5016,73.3061,78.8141,28.3205,17648.6799,2416.3214,9138.7062
2025-06-09,987.5894,122.8189,73.3061,79.4425,28.5038,17648.3039,2416.6397,9173.3650
2025-06-10,1026.8964,123.2824,73.3061,78.7244,28.5954,17746.0529,2428.7685,9174.8611
2025-06-11,1046.5499,123.2824,73.0281,80.8787,28.6871,17680.7096,2434.0940,9216.8402
2025-06-12,1031.2538,124.2093,73.3988,78.5448,28.6871,17702.6355,2456.4913,9305.9021
2025-06-13,1016.4512,125.1362,73.8622,77.6472,28.9162,17338.9367,2409.7784,9338.5257
2025-06-16,1011.5169,126.0632,73.5842,77.1983,29.0995,17491.9264,2383.8618,9199.0686
2025-06-17,1031.2538,126.5266,73.1208,77.0188,29.1454,17048.5663,2371.9825,9047.8195
2025-06-18,1041.1223,126.9901,72.2867,78.4551,29.3287,17423.3534,2428.6970,9198.3097
2025-06-20,1041.1223,126.5266,72.1940,76.2109,29.1454,17337.9943,2418.0145,9170.9476
2025-06-23,1006.5827,126.5266,73.3988,76.0314,28.9620,17486.5685,2422.7002,9187.1255
2025-06-24,1036.1881,125.5997,74.0475,77.2881,29.2370,17764.0984,2451.9330,9085.8517
2025-06-25,1055.9250,126.9901,73.5842,76.9290,29.6036,17644.7902,2437.1651,9047.1713
2025-06-26,1060.8592,126.9901,74.4182,77.2881,29.6953,17712.6970,2439.7571,9001.5080
2025-06-27,1065.7934,126.5266,74.2329,77.2881,30.2452,17483.4729,2381.0206,8680.8593
2025-06-30,1046.0565,125.1362,75.0670,78.3653,30.1077,17735.3040,2427.4795,8869.0283
2025-07-01,1070.7277,125.1362,75.7157,78.5068,30.2910,17797.5706,2442.8327,8982.4895
2025-07-02,1070.7277,124.6728,75.9937,78.2237,30.2452,17890.0668,2428.9162,9038.1098
2025-07-03,1075.6619,126.1168,75.1597,78.3181,30.3827,17872.0161,2390.7229,8897.2625
2025-07-07,1065.7934,125.1541,76.6425,77.3745,31.1617,17697.7413,2362.4216,8883.2999
2025-07-08,1065.7934,124.1914,77.6619,76.6196,31.1617,17790.4402,2373.0631,8841.4143
2025-07-09,1075.6619,123.2287,77.3839,75.7704,31.3450,17921.0106,2401.0892,8892.8007
2025-07-10,1085.5304,125.1541,77.8472,77.6576,31.8033,18032.3693,2410.8772,8942.7553
2025-07-11,1085.5304,125.6355,78.6813,77.9407,31.8949,17991.9914,2380.6647,9040.1815
2025-07-14,1080.5961,125.6355,79.0520,77.9407,32.2157,18007.8296,2373.2324,8997.8962
2025-07-15,1095.3988,124.6728,78.4033,78.7899,32.3532,18012.5730,2367.3371,9001.3295
2025-07-16,1115.1357,125.6355,79.2374,79.6391,32.3073,18098.6605,2374.0720,9059.1759
2025-07-17,1115.1357,125.6355,79.6081,79.3561,32.3073,18217.4092,2374.5557,9043.4532
2025-07-18,1139.8069,124.1914,79.7934,78.9786,32.0782,18205.4318,2378.3607,9067.6533
2025-07-21,1134.8727,124.1914,80.2568,78.4125,31.3450,18224.3190,2397.5099,9199.1334
2025-07-22,1115.1357,125.6355,80.6275,77.8463,31.8508,18199.3784,2408.3605,9272.3509
2025-07-23,1129.9384,125.1541,79.9788,79.0730,31.7069,18395.1324,2400.3396,9177.7797
2025-07-24,1129.9384,124.6728,79.1447,78.8843,31.5150,18298.0716,2382.7224,9070.4948
2025-07-25,1129.9384,124.1914,78.6813,78.6955,31.2272,18473.9248,2410.5635,9034.7935
2025-07-28,1129.9384,124.6728,77.2912,78.1294,30.8914,18520.1894,2401.5455,9001.0437
2025-07-29,1120.0700,124.1914,76.5498,77.3745,30.6516,18587.2856,2457.4272,9082.4561
2025-07-30,1139.8069,124.6728,76.6425,77.9407,30.8435,18584.2231,2447.4421,8935.3519
2025-07-31,1144.7411,124.1914,76.1616,77.7520,30.7475,18600.8761,2460.2745,9036.6904
2025-08-01,1125.0042,124.6728,76.3540,77.9407,30.9394,18343.8466,2501.7757,9244.2433
2025-08-04,1120.0700,126.1168,76.9309,79.2617,31.2752,18566.0014,2500.9795,9269.7819
2025-08-05,1134.8727,127.0796,76.7386,79.2617,31.3231,18514.6846,2514.4623,9298.7367
2025-08-06,1110.2015,127.5609,76.0655,79.6391,31.5630,18689.7764,2504.4025,9295.5630
2025-08-07,1164.4780,127.5609,76.0655,80.0166,31.8028,18659.9621,2498.2296,9366.8906
2025-08-08,1159.5438,129.0050,75.2000,80.3940,31.8988,18738.4515,2478.5372,9331.4253
2025-08-11,1164.4780,129.4864,74.8153,81.3376,31.8028,18728.3103,2484.9475,9210.5256
2025-08-12,1164.4780,129.9677,74.8153,81.8094,31.8508,18989.1962,2480.4707,9232.0696
2025-08-13,1184.2149,129.4864,74.6230,82.4699,32.6663,19009.7274,2495.1730,9238.6069
2025-08-14,1159.5438,129.4864,75.2000,83.7909,33.0980,19050.6923,2481.7798,9198.9726
2025-08-15,1164.4780,129.9677,75.7770,83.7909,32.6183,19094.5181,2475.5622,9247.1869
2025-08-18,1164.4780,131.8932,74.8153,83.9797,32.9541,19033.2446,2461.0133,9205.1240
2025-08-19,1169.4123,132.8559,74.3345,83.1304,32.8102,18952.7712,2478.2767,9165.7622
2025-08-20,1120.0700,131.4118,74.1422,81.9981,32.5224,18954.1623,2490.5096,9283.8865
2025-08-21,1134.8727,132.3746,74.8153,83.3191,32.3784,18986.4728,2492.4012,9304.7721
2025-08-22,1120.0700,130.9305,74.5269,82.9417,32.2825,19428.2305,2530.4230,9477.6591
2025-08-25,1154.6096,130.4491,74.8153,84.5458,32.0427,19248.4718,2510.8606,9408.7002
2025-08-26,1159.5438,128.5237,73.3729,82.1868,32.3305,19377.8867,2515.7526,9500.9632
2025-08-27,1174.3465,129.0050,73.7575,80.8658,32.0427,19487.4930,2521.3213,9552.2271
2025-08-28,1144.7411,128.0423,74.7192,80.3940,32.2345,19574.6906,2540.2665,9632.0425
2025-08-29,1144.7411,127.5609,74.4307,79.1673,32.0906,19405.6371,2515.4275,9698.8450
2025-09-02,1144.7411,129.9677,75.2000,81.9038,32.6183,19345.5347,2507.5581,9971.2911
2025-09-03,1144.7411,129.0050,74.9115,81.1489,32.5703,19525.7666,2544.9104,10088.3364
2025-09-04,1144.7411,129.9677,75.1038,81.6207,32.6183,19674.8665,2562.4771,10036.5703
2025-09-05,1164.4780,129.4864,75.1038,82.0925,32.9061,19599.9982,2599.1761,10161.2484
2025-09-08,1164.4780,129.4864,75.8731,81.1489,32.2345,19510.5243,2615.3599,10204.9790
2025-09-09,1184.2149,130.4491,76.3540,81.5263,32.5224,19460.7332,2587.8777,10132.4073
2025-09-10,1208.8861,130.4491,76.4501,82.6586,32.4264,19530.1824,2604.4279,10175.6779
2025-09-11,1223.6888,129.4864,75.8731,81.9981,32.5224,19617.9967,2611.9245,10122.0712
2025-09-12,1243.4257,130.4491,76.2578,83.5079,32.4744,19645.9386,2605.2243,10159.8725
2025-09-15,1238.4915,129.9677,76.1616,83.7909,32.1866,19747.2100,2610.8673,10263.8558
2025-09-16,1268.2153,129.0050,76.3540,83.7909,32.0427,19660.8960,2608.5244,10253.6141
2025-09-17,1253.3534,129.4864,75.9693,83.6966,31.8028,19540.9330,2589.2253,10125.0048
2025-09-18,1273.1692,129.0050,76.1616,83.3191,31.9947,19657.8479,2565.8491,10097.5971
2025-09-19,1253.3534,129.0050,75.3923,82.8473,32.1866,19771.0371,2563.0100,10212.8793
2025-09-22,1283.0772,128.5237,75.5847,83.6022,32.1866,19934.1740,2562.7440,10426.0303
2025-09-23,1327.6629,128.5237,75.3923,83.4135,31.8028,19826.7778,2580.8030,10469.2238
2025-09-24,1327.6629,129.4864,76.0655,83.9797,32.0427,19800.5191,2575.7690,10393.6700
2025-09-25,1307.8470,128.5237,75.2962,83.1776,31.7069,19767.8275,2583.4349,10468.0233
2025-09-26,1288.0311,129.4864,75.3923,83.6612,31.5630,20010.3290,2597.8924,10596.8944
2025-09-30,1292.9851,128.5237,75.3923,85.4021,31.9947,20074.0715,2602.7995,10826.9766
2025-10-01,1312.8010,129.4864,75.2962,84.5317,31.9947,20131.8289,2608.1415,10838.3010
2025-10-02,1352.4327,128.0423,75.0077,84.5317,31.6589,20158.2577,2616.1572,10802.2916
2025-10-03,1387.1105,128.0423,74.4307,83.6612,31.2752,20169.0849,2612.6321,10895.0740
2025-10-07,1421.7882,128.0423,75.1038,84.0481,31.3711,20197.2843,2610.7821,11174.7760
2025-10-08,1401.9723,128.5237,75.0077,85.0153,31.4671,20335.1679,2615.0744,11368.8128
2025-10-09,1426.7422,128.0423,74.6230,86.8529,31.6589,20268.4880,2612.0228,11154.7504
2025-10-13,1401.9723,127.5609,74.6230,84.9185,31.1792,20115.1064,2664.9014,11594.1301
2025-10-14,1411.8803,127.5609,75.0077,85.3054,31.4671,20107.5653,2675.7009,11686.8261
2025-10-15,1451.5120,126.5982,74.5269,86.6595,31.6110,20192.1642,2669.1936,11886.6368
2025-10-16,1471.3279,127.0796,74.6230,86.8529,31.0833,20006.2191,2682.7195,12135.2557
2025-10-17,1436.6501,128.0423,75.2000,86.5627,31.2272,20121.1606,2678.7912,11907.7228
2025-10-20,1466.3739,128.0423,75.6808,86.1759,30.9874,20337.0725,2689.9508,12345.2190
2025-10-21,1466.3739,128.0423,76.0655,87.6266,31.1792,20320.4297,2701.0007,11542.5250
2025-10-22,1446.5580,128.5237,75.8731,88.5938,31.2752,20267.6402,2709.8287,11573.9315
2025-10-23,1436.6501,129.0050,76.8348,88.8840,31.3231,20432.8850,2697.2325,11645.9367
2025-10-27,1466.3739,127.0796,75.9693,89.0774,29.0687,20902.6982,2715.3250,11316.1296
2025-10-28,1461.4199,127.0796,75.9693,87.9168,28.7808,20800.3830,2701.9232,11150.4293
2025-10-29,1491.1437,127.0796,75.7770,88.7873,28.9727,20770.9320,2669.5472,11087.1454
2025-10-30,1491.1437,126.5982,76.5463,89.3676,28.5890,20624.6093,2664.6241,11350.1104
2025-10-31,1486.1898,126.1168,75.6808,88.2069,28.5410,20736.4623,2662.3542,11312.5850
2025-11-03,1496.0977,126.5982,75.1038,88.9807,28.9247,20809.9242,2660.1118,11351.7119
2025-11-04,1491.1437,126.1168,75.1038,89.4643,29.0687,20644.2849,2676.5469,11196.8111
2025-11-06,1451.5120,126.5982,74.5269,88.7873,28.7329,20486.7955,2670.3086,11308.9643
2025-11-07,1446.5580,127.5609,73.4691,87.5299,28.3971,20563.9860,2672.0647,11409.8017
2025-11-10,1461.4199,128.0423,72.6036,87.6266,28.3012,20876.7854,2670.4334,11717.2182
2025-11-11,1451.5120,127.0796,72.1228,88.0135,28.9247,20924.5757,2682.6598,11763.3584
2025-11-12,1461.4199,127.0796,72.4113,88.6905,28.9727,20934.5279,2687.2142,11951.9099
2025-11-13,1446.5580,126.5982,71.9304,90.9151,28.8768,20653.4934,2673.7390,11893.5119
2025-11-14,1416.8342,126.5982,72.3151,90.2380,28.7808,20690.5324,2663.6859,11701.7174
2025-11-17,1431.6961,127.0796,72.2189,88.7873,28.9727,20122.1229,2621.3436,11355.5800
2025-11-18,1392.0644,126.1168,72.1228,86.5627,28.6849,20358.3553,2673.6776,11670.3612
2025-11-19,1382.1565,125.6355,71.9304,85.2087,28.7808,20389.9365,2662.1283,11662.4559
2025-11-20,1441.6041,127.0796,72.1228,86.3693,28.9727,20130.6614,2679.4684,11688.9480
2025-11-21,1372.2486,126.5982,71.9304,85.7890,28.8288,20441.4393,2702.1505,11734.1503
2025-11-24,1362.3406,127.0796,72.0266,88.9807,29.5483,20733.3761,2716.3780,11914.9362
2025-11-25,1401.9723,126.1168,72.0266,89.8512,28.8768,20986.8247,2730.9228,11944.4316
2025-11-26,1426.7422,126.1168,72.3151,90.1413,29.2605,21106.1579,2739.7109,12025.4086
2025-11-28,1426.7422,125.6355,73.5652,89.5610,29.1166,21171.7374,2720.3374,12146.3457
2025-12-01,1397.0184,125.1541,73.5652,88.7873,29.3085,21116.9408,2691.8089,12229.1467
2025-12-02,1416.8342,125.1541,72.7959,89.0774,29.5963,21168.9312,2694.6610,12157.7867
2025-12-03,1436.6501,125.1541,72.4113,90.0446,29.1646,21246.2956,2702.7632,12148.8061
2025-12-04,1431.6961,124.6728,72.7959,91.5921,29.5483,21202.7176,2680.7229,12122.8596
2025-12-05,1446.5580,125.1541,73.4691,91.7855,29.4044,21277.1169,2672.6006,12120.6906
2025-12-08,1481.2358,124.6728,72.4113,92.3658,30.6996,21151.6481,2656.0820,12053.6256
2025-12-09,1466.3739,125.1541,71.9304,93.1396,30.7955,21059.5286,2649.5095,12073.2044
2025-12-10,1491.1437,124.6728,72.1228,92.0757,30.7955,21189.8834,2658.5804,12119.2958
2025-12-11,1461.3209,125.1541,71.8343,91.9790,31.0353,21188.7362,2648.6610,12220.7190
2025-12-12,1471.2618,125.6355,72.0266,93.6232,31.4671,21030.4538,2631.8348,12329.8586
2025-12-15,1441.4390,125.6355,72.2189,92.4625,31.6589,21092.9677,2645.4682,12396.4955
2025-12-16,1426.5275,125.6355,71.8343,92.8494,31.6110,21041.1089,2660.7275,12402.7192
2025-12-17,1421.5570,124.6728,73.9499,94.1068,32.1386,20902.7722,2670.2101,12565.2572
2025-12-18,1421.5570,125.1541,75.9693,93.6232,31.8988,21169.7727,2696.8889,12607.6060
2025-12-19,1421.5570,126.1168,75.3923,94.1068,32.1866,21281.9555,2676.8000,12574.7555
2025-12-22,1456.3504,125.6355,74.8153,94.9772,31.9467,21407.6099,2670.1265,12860.8377
2025-12-23,1481.2028,125.6355,74.3345,94.8805,32.1866,21524.7699,2676.8076,13042.9796
2025-12-24,1486.1733,125.6355,75.3923,94.7838,32.5703,21571.2358,2689.3749,12971.4695
2025-12-26,1501.0847,126.5982,77.4118,93.8166,32.7622,21624.3229,2687.3844,13156.5648
2025-12-29,1520.9666,127.0796,76.5463,94.9772,32.2825,21417.4470,2681.2408,12508.0679
2025-12-30,1511.0257,126.1168,74.8153,93.8166,32.4744,21348.8939,2669.5455,12492.3579
2025-12-31,1540.8485,125.6355,74.1422,92.9461,32.3784,21140.5142,2642.0022,12382.1514
2026-01-02,1575.6419,127.0796,74.4307,92.4625,32.7142,21219.8710,2643.1190,12467.5576
2026-01-05,1660.1400,128.0423,74.0460,94.0100,32.4744,21398.8655,2660.8624,12818.1824
2026-01-06,1694.9334,127.5609,73.2767,93.2363,32.3305,21605.6876,2665.1997,13004.6749
2026-01-07,1665.1105,128.0423,72.4113,92.9461,31.8988,21548.0176,2682.2640,12887.5123
2026-01-08,1675.0515,128.5237,72.6997,93.8166,31.4671,21516.4115,2665.1767,12940.9901
2026-01-09,1670.0810,128.5237,72.4113,92.3658,31.5150,21724.6152,2691.0372,13074.3732
2026-01-12,1680.0220,128.5237,72.6997,91.8822,31.1792,21792.1843,2687.2055,13339.6393
2026-01-13,1699.9039,128.5237,73.1806,91.1085,31.0833,21732.5064,2689.8094,13310.8173
2026-01-14,1699.9039,128.0423,72.6036,90.7216,30.9874,21657.8791,2709.4577,13466.9022
2026-01-15,1680.0220,128.5237,73.0844,91.0118,31.1313,21643.9141,2699.7452,13339.4243
2026-01-16,1729.7267,128.0423,72.5074,91.8822,31.3231,21662.4943,2688.7115,13297.6819
2026-01-20,1764.5201,128.0423,71.6419,90.9151,31.7549,21211.2972,2652.2168,13794.1695
2026-01-21,1729.7267,128.0423,71.4496,89.9479,31.9947,21546.7528,2683.7098,14054.2687
2026-01-22,1749.6087,128.0423,71.2573,89.9479,32.1386,21630.3793,2691.7914,14294.6356
2026-01-23,1759.5496,129.0050,70.7765,90.4315,31.8988,21599.9280,2694.3813,14465.4718
2026-01-26,1744.6382,129.0050,70.6803,90.1413,32.2825,21563.0709,2688.9765,14578.0112
2026-01-27,1769.4906,128.0423,70.1995,89.3676,32.2345,21697.0846,2678.1745,14968.8224
2026-01-28,1809.2544,128.5237,69.9110,89.4643,32.1386,21467.0508,2644.0102,15385.9099
2026-01-29,1794.3430,128.5237,69.6225,89.2708,32.3305,21534.1562,2658.1560,15506.5944
2026-01-30,1764.5201,128.5237,68.9494,87.9168,32.0427,21533.1665,2651.0758,13954.3888
2026-02-02,1754.5791,128.0423,68.8532,87.5299,31.9467,21792.9159,2662.1552,13490.0470
2026-02-03,1789.3725,128.5237,69.7187,88.7873,32.0427,21604.6114,2668.1156,14345.1614
2026-02-04,1774.4611,128.0423,69.3340,89.6577,32.3305,21497.3064,2661.0211,14333.2857
2026-02-05,1754.5791,127.5609,70.4880,90.4315,32.5703,21285.2325,2697.0733,13988.6398
2026-02-06,1769.4906,128.0423,71.3535,89.3676,32.6183,21687.8965,2698.2155,14414.7621
2026-02-09,1804.2839,127.0796,70.3918,90.7216,32.3305,21741.6544,2691.3087,14746.4726
2026-02-10,1868.9002,127.5609,70.1995,91.3986,32.4264,21674.8423,2721.1773,14593.8983
2026-02-11,1903.6935,128.0423,70.5841,92.0757,32.7622,21613.1886,2699.6552,14720.3849
2026-02-23,1888.7821,129.9677,72.2189,92.5593,33.4337,21336.1413,2753.9821,15165.6139
2026-02-24,1953.3983,130.4491,71.1611,91.0118,33.2898,21439.2525,2752.2206,14919.2696
2026-02-25,2003.1031,130.9305,71.8343,89.8512,33.5297,21580.4815,2747.4746,14854.5471
2026-02-26,1983.2212,129.0050,69.7187,91.1085,33.6736,21386.7457,2748.9807,14930.3703
2026-03-02,1963.3393,132.8559,70.7765,89.9479,33.4817,21368.2727,2747.2287,15373.7500
2026-03-03,1923.5754,132.8559,71.0650,90.0446,33.4817,21287.9342,2755.6918,14762.7953
2026-03-04,1853.9887,130.4491,68.8532,86.8529,32.2825,21573.4095,2764.3995,14972.1005
2026-03-05,1888.7821,131.8932,68.4685,87.5299,32.6663,21382.8196,2744.2132,14743.6917
2026-03-06,1878.8411,131.4118,69.1417,85.8857,32.6183,21286.6231,2757.8618,15107.7626
2026-03-09,1799.3135,130.9305,68.0839,84.3382,31.9947,21403.3727,2772.8353,15027.5405
2026-03-10,1839.0773,129.9677,67.5069,85.4021,32.0427,21368.7720,2743.2877,15196.9033
2026-03-11,1928.5459,130.4491,67.5069,86.2726,31.9467,21323.0944,2705.4697,15132.0014
2026-03-12,1873.8706,130.9305,67.4107,86.4660,31.7069,21024.1535,2703.3873,14852.1535
2026-03-13,1853.9887,130.9305,67.3146,85.2087,31.7069,20960.5533,2697.1494,14698.8602
2026-03-16,1834.1068,131.4118,67.7954,85.8857,30.8914,21351.3130,2740.8092,14808.8564
2026-03-17,1865.0244,131.8932,68.1801,86.8529,30.9394,21262.3122,2729.7150,14671.3797
2026-03-18,1899.9312,132.3746,68.6609,86.5627,30.9394,20926.2479,2709.3218,14180.5347
2026-03-19,1845.0776,130.4491,67.6992,85.3054,30.4118,20970.3933,2738.3331,13658.4243
2026-03-20,1835.1042,129.0050,67.5069,85.6923,30.5077,20521.9253,2667.1628,13146.3519
2026-03-23,1805.1840,129.0050,66.8338,83.9514,29.8841,20880.6044,2703.1025,12938.0487
2026-03-24,1805.1840,129.0050,67.4107,84.2415,30.2679,20706.7234,2677.7904,12876.3900
2026-03-25,1840.0909,129.9677,67.9877,85.8857,30.7955,20863.8125,2709.0451,13290.3917
2026-03-26,1835.1042,129.4864,68.5647,85.6923,31.0353,20497.6939,2687.1222,12794.7993
2026-03-27,1815.1574,129.0050,69.2379,84.8218,30.8914,20144.4470,2671.9616,13241.3715
2026-03-30,1775.2638,129.0050,69.1417,83.5645,30.6996,20106.6469,2711.5145,13257.0239
2026-03-31,1755.3170,128.0423,68.2762,83.1776,30.4597,20731.2247,2713.9546,13786.0622
2026-04-01,1850.0643,129.0050,69.1417,84.9185,30.9874,20821.5111,2702.7275,13983.0518
2026-04-02,1805.1840,129.0050,69.6225,84.9185,30.8435,20882.0875,2724.7913,13741.9785
2026-04-07,1855.0510,129.0050,69.7187,84.8218,31.0833,20932.3054,2712.6021,13780.7841
2026-04-08,1944.8115,129.0050,69.9110,86.2726,31.1313,21451.9906,2719.6632,13858.8994
2026-04-09,1949.7982,129.9677,69.2379,85.5956,31.2752,21458.3123,2698.0137,13890.6804
2026-04-10,1994.6785,130.4491,69.0455,84.7251,30.9394,21447.7617,2691.9369,13868.2989
2026-04-13,1984.7051,129.4864,69.2379,83.8546,30.7475,21685.4817,2703.5357,13830.0807
2026-04-14,2049.5321,129.9677,69.3340,84.7251,31.3711,21862.7940,2707.1082,14083.1812
2026-04-15,2074.4656,130.4491,69.8148,84.6284,31.6110,21948.8206,2684.7330,13881.9776
2026-04-16,2079.4523,131.4118,70.1995,85.0153,31.6589,22051.6242,2673.6523,13900.8065
2026-04-17,2024.5986,132.3746,70.6803,85.1120,31.4191,22297.6439,2695.6557,14072.6590
2026-04-20,2019.6119,131.8932,69.8148,84.3382,31.5150,22189.5902,2687.3510,13911.6882
2026-04-21,2044.5454,131.8932,69.2379,84.8218,31.6110,22009.9918,2668.3711,13496.6603
2026-04-22,2044.5454,131.4118,69.6225,85.4021,31.7069,22277.4601,2678.9719,13702.8558
2026-04-23,2074.4656,130.9305,69.1417,85.4021,31.1313,22180.2937,2671.8133,13563.4500
2026-04-24,2179.1862,130.4491,68.7570,84.9185,31.2272,22397.0677,2682.1287,13660.3728
2026-04-27,2258.9734,131.8932,67.7954,85.0153,31.2272,22371.6156,2661.2097,13515.7423
2026-04-28,2209.1064,131.8932,67.8916,85.6923,31.1313,22273.8725,2665.3160,13271.4745
2026-04-29,2174.1995,131.4118,67.3146,88.3037,31.0833,22310.9966,2649.4576,13153.8416
2026-04-30,2129.3193,130.9305,66.6414,87.0463,30.5557,22614.1399,2656.5178,13398.8828
2026-05-04,2268.9467,130.4491,66.9299,88.0135,30.0280,22541.8939,2639.7094,13085.7594
2026-05-05,2244.0133,130.9305,66.4491,89.1741,30.2679,22754.4149,2658.0132,13216.4949
2026-05-06,2244.0133,130.9305,66.0645,89.7544,30.5557,23031.9915,2673.7449,13594.6330
2026-05-07,2303.8536,130.4491,66.7376,91.3986,30.7955,22854.7374,2648.0330,13554.1044
2026-05-08,2283.9068,131.4118,70.3918,93.5264,31.1792,23038.7296,2660.7851,13616.9506
2026-05-11,2229.0532,130.4491,71.0650,92.3658,30.9874,23024.1919,2637.0362,13604.9797
2026-05-12,2249.0000,130.4491,70.2957,90.6249,30.5077,23026.6233,2623.7196,13573.1349
2026-05-13,2214.0931,132.3746,72.3151,91.5921,30.6036,23265.7219,2630.3210,13561.2238
2026-05-14,2263.9601,132.3746,71.9304,91.4954,30.5557,23492.4876,2638.8845,13482.3201
2026-05-15,2258.9734,132.8559,72.7959,92.9461,30.6516,23213.8609,2600.1752,13171.5086
2026-05-18,2234.0399,131.8932,71.8343,92.0757,30.4118,23214.1391,2598.9263,13216.9481
2026-05-19,2199.1330,137.1882,71.9304,94.0100,30.6996,23035.4945,2579.4413,12984.5122
2026-05-20,2179.1862,133.8186,70.5841,92.6560,30.4118,23400.7249,2621.5615,13243.7680
2026-05-21,2224.0665,132.3746,70.2957,92.9461,30.2679,23345.1524,2619.8023,13173.2141
2026-05-22,2249.0000,131.8932,68.7570,91.9790,30.0280,23406.9637,2630.7430,13056.3524
2026-05-26,2263.9601,130.9305,68.0839,100.1033,29.8841,23485.8801,2635.2103,13019.6378
2026-05-27,2293.8802,131.8932,67.5069,106.3900,29.8841,23479.9437,2641.1934,12845.3354
2026-05-28,2288.8935,131.4118,68.0839,106.3900,29.4524,23624.4901,2656.5059,12988.1794
2026-05-29,2348.7339,131.8932,69.0455,106.3900,29.6922,23651.8112,2653.5872,13107.5786
2026-06-01,2348.7339,135.2627,70.8726,106.8736,30.1719,23707.8401,2654.0786,12918.8699
2026-06-02,2373.6674,136.7068,71.3535,109.7751,30.8914,23677.7612,2652.6912,12906.5997
2026-06-03,2418.5476,135.7441,70.4880,109.2915,31.6589,23622.4512,2654.6168,12839.0137
2026-06-04,2378.6541,136.2254,70.7765,110.2587,32.0906,23732.2761,2662.8366,12957.2670
2026-06-05,2358.7073,135.7441,70.9688,114.1274,31.9947,23117.9261,2648.9228,12482.7485
2026-06-08,2288.8935,133.3373,70.1033,112.1931,31.5630,23232.8609,2642.3393,12549.0043
2026-06-09,2298.8669,136.7068,71.2573,120.8977,32.8102,23160.1891,2657.4389,12341.6142
2026-06-10,2249.0000,138.6323,71.5458,118.4797,32.2825,22765.3891,2646.4971,11814.5896
2026-06-11,2250.0000,139.5950,72.6997,121.3813,32.4744,23232.2663,2690.0504,12226.9507
2026-06-12,2310.0000,139.5950,73.5652,117.9961,32.9541,23305.6609,2677.4772,12206.5471
2026-06-15,2375.0000,140.0763,73.3729,123.3156,33.2419,23742.1683,2678.7976,12536.1351
2026-06-16,2400.0000,141.0391,72.6997,127.6680,33.7695,23530.1531,2685.4424,12532.7413
2026-06-17,2385.0000,140.0763,73.0844,131.0531,34.0573,23269.7070,2693.6703,12265.7317
2026-06-18,2410.0000,138.6323,71.6419,133.4710,33.9614,23567.1353,2713.1639,12247.8569
2026-06-22,2510.0000,139.1136,71.4496,133.9546,34.3451,23540.1976,2697.9345,12192.2719
2026-06-23,2490.0000,138.6323,72.2189,132.9875,34.3451,23187.3705,2700.1034,11956.1392
2026-06-24,2390.0000,138.1509,72.2189,130.0859,33.5776,23187.6680,2738.3701,11600.4331
2026-06-25,2390.0000,138.6323,72.6997,131.5367,34.0094,23298.7586,2746.5740,11751.7836
2026-06-26,2340.0000,137.6695,71.7381,129.6023,33.1459,23168.0911,2751.3791,11903.8522
2026-06-29,2370.0000,136.7068,72.7959,124.2828,33.0980,23540.1716,2753.0897,11738.1669
2026-06-30,2410.0000,136.2254,71.6419,125.2500,33.0500,23737.5535,2722.2781,11738.7604
2026-07-01,2505.0000,136.2254,71.6419,122.5000,32.9000,23682.0152,2701.2039,11797.8289
2026-07-02,2465.0000,135.7441,72.0266,119.5000,33.7000,23695.7691,2706.0126,12060.3810
2026-07-06,2460.0000,136.2254,74.8153,121.5000,34.4500,23927.4516,2706.9286,12200.6466
2026-07-07,2440.0000,135.7441,75.0077,123.0000,34.5000,23908.4016,2689.0639,12100.4043
2026-07-08,2465.0000,134.3000,75.5847,126.0000,34.7500,23894.7647,2689.8006,12033.2876
2026-07-09,2415.0000,133.5000,75.3923,124.5000,34.7500,24077.0198,2691.7074,12143.0568
2026-07-13,2440.0000,133.5000,75.4885,127.0000,34.6000,23988.1141,2674.2995,11784.5421
2026-07-14,2420.0000,133.0000,75.4885,125.0000,34.5000,24120.4606,2683.0503,11969.0876
2026-07-15,2440.0000,133.0000,75.5847,128.5000,34.4500,24194.9083,2685.8073,11965.0577
2026-07-16,2470.0000,136.0000,75.9693,125.0000,34.9000,24121.4674,2691.2841,11755.6896
2026-07-17,2290.0000,138.0000,76.9309,124.5000,35.1000,23922.3272,2705.6698,11886.4914
2026-07-20,2320.0000,139.0000,77.2194,123.5000,35.8500,23919.7572,2689.5555,11878.2589
2026-07-21,2410.0000,139.0000,76.5463,123.5000,36.9500,24091.5889,2679.1025,12097.3307
2026-07-22,2400.0000,138.5000,73.8537,127.0000,36.0500,24100.4807,2676.1551,12255.2060
2026-07-23,2405.0000,138.0000,74.0460,128.5000,35.6500,23842.3995,2671.9265,12029.4832
2026-07-24,2350.0000,139.0000,74.4307,127.5000,35.9500,23807.5801,2667.8803,12011.9978
2026-07-27,2350.0000,140.5000,74.1422,130.0000,36.4000,23829.9155,2685.8398,12108.9034
2026-07-28,2280.0000,141.0000,74.4307,125.5000,36.2500,23871.9790,2699.8573,11931.3889
2026-07-29,2200.0000,140.5000,75.2000,123.0000,36.5000,23549.6206,2660.3885,12009.5585
2026-07-30,2205.0000,140.5000,75.6000,124.0000,37.7000,23933.4236,2657.5589,12200.7112
2026-07-31,2425.0000,139.5000,73.8000,130.0000,38.6500,24140.0943,2643.6680,12036.0387
2026-08-03,2370.0000,139.0000,73.0000,129.5000,38.4500,24406.9046,2644.0381,12003.6673
2026-08-04,2320.0000,136.5000,73.9000,128.5000,38.0000,24926.1099,2672.7948,12121.2874
2026-08-05,2405.0000,137.0000,73.2000,129.5000,38.1000,24875.6521,2678.5294,12622.4271
2026-08-06,2365.0000,137.0000,73.0000,126.0000,37.9500,24736.0114,2652.3278,12572.6254
2026-08-07,2370.0000,137.5000,75.7000,127.0000,38.1500,24842.5403,2655.2600,12833.4431
2026-08-10,2380.0000,136.5000,75.5000,128.5000,37.8000,24856.9746,2635.1146,12975.9173
2026-08-11,2395.0000,136.0000,75.9000,128.0000,36.9000,24771.4028,2638.6344,12921.7779
2026-08-12,2415.0000,136.0000,76.3000,127.0000,36.7500,24819.5739,2634.5936,13042.1087
2026-08-13,2435.0000,136.0000,76.3000,128.5000,37.3000,24987.4781,2649.4355,12847.4297
2026-08-14,2395.0000,135.0000,75.8000,129.5000,37.6500,24877.4487,2625.4008,12897.1839
2026-08-17,2400.0000,136.0000,75.2000,125.5000,37.7500,24656.6400,2592.4688,12971.7059
2026-08-18,2380.0000,137.0000,76.2000,129.5000,38.1000,24382.9655,2590.9674,12693.9366
2026-08-19,2350.0000,136.0000,77.5000,128.5000,37.8000,24458.3586,2636.7316,13194.0057
2026-08-20,2375.0000,136.5000,78.2000,128.0000,37.3500,24202.0963,2609.6552,13211.5386
2026-08-21,2410.0000,136.5000,77.5000,134.0000,38.0000,24318.8341,2602.3606,13479.0625
2026-08-24,2375.0000,136.5000,77.4000,132.0000,38.1500,24234.9608,2617.1954,13578.1295
2026-08-25,2400.0000,136.5000,77.9000,141.5000,39.0000,24304.7740,2645.2116,13617.7632
2026-08-26,2415.0000,136.0000,77.7000,138.5000,38.7000,24333.0186,2642.3053,13415.6295
2026-08-27,2410.0000,135.5000,77.1000,141.5000,38.5500,24464.7788,2633.9315,13441.1738
2026-08-28,2420.0000,135.5000,75.7000,144.0000,38.7500,24297.9765,2614.0386,12945.8259
2026-08-31,2405.0000,136.0000,76.2000,144.0000,39.7500,24198.6323,2599.8151,12916.6911
2026-09-01,2440.0000,136.0000,76.2000,145.0000,39.9000,24079.4913,2594.2966,12572.2139
2026-09-02,2385.0000,137.5000,76.6000,143.5000,40.5000,24176.4072,2595.7661,12758.0562
2026-09-03,2390.0000,138.0000,75.6000,147.0000,43.2000,24468.9848,2603.7692,13014.7218
2026-09-04,2410.0000,137.5000,75.6000,150.5000,43.5500,24351.0127,2605.6788,12892.7376
2026-09-08,2470.0000,139.0000,76.7000,149.0000,45.5500,24071.7184,2589.7027,12593.1387
2026-09-09,2465.0000,139.5000,76.0000,147.0000,44.2500,23955.5056,2574.4298,12705.2028
2026-09-10,2450.0000,139.5000,75.6000,148.5000,44.9500,23785.3001,2541.6619,12471.0709
2026-09-11,2410.0000,140.5000,75.0000,148.5000,46.3000,24118.4226,2558.3226,12615.0887
2026-09-14,2380.0000,142.5000,74.6000,154.0000,46.3500,24042.0857,2563.5549,12443.6786
2026-09-15,2385.0000,143.5000,74.5000,151.0000,45.6500,23963.0881,2559.9275,12501.4918
2026-09-16,2380.0000,143.5000,74.5000,153.0000,46.4500,23899.3851,2569.8325,12446.9112
2026-09-17,2425.0000,145.0000,75.5000,151.5000,47.3000,24235.9482,2605.4781,12691.5898
2026-09-18,2460.0000,145.5000,75.0000,150.5000,46.4000,24193.5599,2580.7438,12742.3633
